// Generated by tools/genicons.py. Do not edit.
//
// Weather icons derived from https://github.com/metno/weathericons,
// licensed under the MIT License, copyright (c) 2015-2017 Yr.
// Full licence in LICENSE-weathericons.txt.
// clang-format off

#include <pgmspace.h>

#include "icons/met_icons_black_44x44.h"

// 'clearsky_day', 44x44px
const unsigned char met_bitmap_black_44x44_clearsky_day[] PROGMEM = {
    0x00, 0x00, 0x00, 0x00, 0x00, 0x00, 0x00, 0x00, 0x00, 0x00, 0x00, 0x00, 0x00, 0x00, 0x00, 0x00,
    0x00, 0x00, 0x00, 0x00, 0x00, 0x00, 0x00, 0x00, 0x00, 0x00, 0x06, 0x00, 0x00, 0x00, 0x00, 0x00,
    0x06, 0x00, 0x00, 0x00, 0x00, 0x00, 0x06, 0x00, 0x00, 0x00, 0x00, 0x06, 0x0f, 0x06, 0x00, 0x00,
    0x00, 0x07, 0x0f, 0x0e, 0x00, 0x00, 0x00, 0x07, 0xdf, 0xbe, 0x00, 0x00, 0x00, 0x07, 0xff, 0xfe,
    0x00, 0x00, 0x00, 0x07, 0xff, 0xfe, 0x00, 0x00, 0x00, 0x07, 0xff, 0xfe, 0x00, 0x00, 0x01, 0xff,
    0xff, 0xff, 0xf8, 0x00, 0x01, 0xff, 0xff, 0xff, 0xf8, 0x00, 0x00, 0xff, 0xff, 0xff, 0xf0, 0x00,
    0x00, 0x7f, 0xff, 0xff, 0xe0, 0x00, 0x00, 0x7f, 0xff, 0xff, 0xe0, 0x00, 0x00, 0x3f, 0xff, 0xff,
    0xc0, 0x00, 0x00, 0x7f, 0xff, 0xff, 0xe0, 0x00, 0x01, 0xff, 0xff, 0xff, 0xf8, 0x00, 0x07, 0xff,
    0xff, 0xff, 0xff, 0x00, 0x07, 0xff, 0xff, 0xff, 0xff, 0x00, 0x01, 0xff, 0xff, 0xff, 0xf8, 0x00,
    0x00, 0x7f, 0xff, 0xff, 0xe0, 0x00, 0x00, 0x3f, 0xff, 0xff, 0xc0, 0x00, 0x00, 0x7f, 0xff, 0xff,
    0xe0, 0x00, 0x00, 0x7f, 0xff, 0xff, 0xe0, 0x00, 0x00, 0xff, 0xff, 0xff, 0xf0, 0x00, 0x01, 0xff,
    0xff, 0xff, 0xf8, 0x00, 0x01, 0xff, 0xff, 0xff, 0xf8, 0x00, 0x00, 0x07, 0xff, 0xfe, 0x00, 0x00,
    0x00, 0x07, 0xff, 0xfe, 0x00, 0x00, 0x00, 0x07, 0xff, 0xfe, 0x00, 0x00, 0x00, 0x07, 0xdf, 0xbe,
    0x00, 0x00, 0x00, 0x07, 0x0f, 0x0e, 0x00, 0x00, 0x00, 0x06, 0x0f, 0x06, 0x00, 0x00, 0x00, 0x00,
    0x06, 0x00, 0x00, 0x00, 0x00, 0x00, 0x06, 0x00, 0x00, 0x00, 0x00, 0x00, 0x00, 0x00, 0x00, 0x00,
    0x00, 0x00, 0x00, 0x00, 0x00, 0x00, 0x00, 0x00, 0x00, 0x00, 0x00, 0x00, 0x00, 0x00, 0x00, 0x00,
    0x00, 0x00, 0x00, 0x00, 0x00, 0x00, 0x00, 0x00
};

// 'clearsky_night', 44x44px
const unsigned char met_bitmap_black_44x44_clearsky_night[] PROGMEM = {
    0x00, 0x00, 0x00, 0x00, 0x00, 0x00, 0x00, 0x00, 0x00, 0x00, 0x00, 0x00, 0x00, 0x00, 0x00, 0x00,
    0x00, 0x00, 0x00, 0x00, 0x00, 0x00, 0x00, 0x00, 0x00, 0x00, 0x00, 0x00, 0x00, 0x00, 0x00, 0x00,
    0x00, 0x00, 0x00, 0x00, 0x00, 0x00, 0x00, 0x00, 0x00, 0x00, 0x00, 0x00, 0x00, 0x00, 0x00, 0x00,
    0x00, 0x00, 0x00, 0x00, 0x00, 0x00, 0x00, 0x00, 0x07, 0x80, 0x00, 0x00, 0x00, 0x00, 0x03, 0xe0,
    0x00, 0x00, 0x00, 0x00, 0x03, 0xf0, 0x00, 0x00, 0x00, 0x00, 0x03, 0xf8, 0x00, 0x00, 0x00, 0x00,
    0x01, 0xfc, 0x00, 0x00, 0x00, 0x00, 0x01, 0xfe, 0x00, 0x00, 0x00, 0x00, 0x01, 0xfe, 0x00, 0x00,
    0x00, 0x00, 0x01, 0xff, 0x00, 0x00, 0x00, 0x00, 0x03, 0xff, 0x00, 0x00, 0x00, 0x00, 0x03, 0xff,
    0x00, 0x00, 0x00, 0x00, 0x03, 0xff, 0x00, 0x00, 0x00, 0x00, 0x07, 0xff, 0x80, 0x00, 0x00, 0x00,
    0x07, 0xff, 0x80, 0x00, 0x00, 0x00, 0x0f, 0xff, 0x00, 0x00, 0x00, 0x00, 0x1f, 0xff, 0x00, 0x00,
    0x00, 0x00, 0x3f, 0xff, 0x00, 0x00, 0x00, 0x00, 0x7f, 0xff, 0x00, 0x00, 0x00, 0x01, 0xff, 0xfe,
    0x00, 0x00, 0x00, 0x7f, 0xff, 0xfe, 0x00, 0x00, 0x00, 0x7f, 0xff, 0xfc, 0x00, 0x00, 0x00, 0x3f,
    0xff, 0xfc, 0x00, 0x00, 0x00, 0x1f, 0xff, 0xf8, 0x00, 0x00, 0x00, 0x0f, 0xff, 0xe0, 0x00, 0x00,
    0x00, 0x07, 0xff, 0xc0, 0x00, 0x00, 0x00, 0x00, 0xff, 0x00, 0x00, 0x00, 0x00, 0x00, 0x00, 0x00,
    0x00, 0x00, 0x00, 0x00, 0x00, 0x00, 0x00, 0x00, 0x00, 0x00, 0x00, 0x00, 0x00, 0x00, 0x00, 0x00,
    0x00, 0x00, 0x00, 0x00, 0x00, 0x00, 0x00, 0x00, 0x00, 0x00, 0x00, 0x00, 0x00, 0x00, 0x00, 0x00,
    0x00, 0x00, 0x00, 0x00, 0x00, 0x00, 0x00, 0x00, 0x00, 0x00, 0x00, 0x00, 0x00, 0x00, 0x00, 0x00,
    0x00, 0x00, 0x00, 0x00, 0x00, 0x00, 0x00, 0x00
};

// 'clearsky_polartwilight', 44x44px
const unsigned char met_bitmap_black_44x44_clearsky_polartwilight[] PROGMEM = {
    0x00, 0x00, 0x00, 0x00, 0x00, 0x00, 0x00, 0x00, 0x00, 0x00, 0x00, 0x00, 0x00, 0x00, 0x00, 0x00,
    0x00, 0x00, 0x00, 0x00, 0x00, 0x00, 0x00, 0x00, 0x00, 0x00, 0x00, 0x00, 0x00, 0x00, 0x00, 0x00,
    0x00, 0x00, 0x00, 0x00, 0x00, 0x00, 0x00, 0x00, 0x00, 0x00, 0x00, 0x00, 0x00, 0x00, 0x00, 0x00,
    0x00, 0x00, 0x00, 0x00, 0x00, 0x00, 0x00, 0x00, 0x00, 0x00, 0x00, 0x00, 0x00, 0x00, 0x00, 0x00,
    0x00, 0x00, 0x00, 0x00, 0x00, 0x00, 0x00, 0x00, 0x00, 0x00, 0x00, 0x00, 0x00, 0x00, 0x00, 0x00,
    0x00, 0x00, 0x00, 0x00, 0x00, 0x00, 0x00, 0x00, 0x00, 0x00, 0x00, 0x00, 0x00, 0x00, 0x00, 0x00,
    0x3f, 0xff, 0xff, 0xff, 0xff, 0xc0, 0x3f, 0xff, 0xff, 0xff, 0xff, 0xc0, 0x01, 0xff, 0xff, 0xff,
    0xf8, 0x00, 0x00, 0x7f, 0xff, 0xff, 0xe0, 0x00, 0x00, 0x3f, 0xff, 0xff, 0xc0, 0x00, 0x00, 0x7f,
    0xff, 0xff, 0xe0, 0x00, 0x00, 0xff, 0xff, 0xff, 0xf0, 0x00, 0x00, 0xff, 0xff, 0xff, 0xf0, 0x00,
    0x01, 0xff, 0xff, 0xff, 0xf8, 0x00, 0x01, 0xf7, 0xff, 0xfe, 0x78, 0x00, 0x00, 0x07, 0xff, 0xfe,
    0x00, 0x00, 0x00, 0x07, 0xff, 0xfe, 0x00, 0x00, 0x00, 0x07, 0xff, 0xfe, 0x00, 0x00, 0x00, 0x07,
    0x9f, 0x9e, 0x00, 0x00, 0x00, 0x07, 0x0f, 0x0e, 0x00, 0x00, 0x00, 0x06, 0x0f, 0x06, 0x00, 0x00,
    0x00, 0x00, 0x06, 0x00, 0x00, 0x00, 0x00, 0x00, 0x06, 0x00, 0x00, 0x00, 0x00, 0x00, 0x00, 0x00,
    0x00, 0x00, 0x00, 0x00, 0x00, 0x00, 0x00, 0x00, 0x00, 0x00, 0x00, 0x00, 0x00, 0x00, 0x00, 0x00,
    0x00, 0x00, 0x00, 0x00, 0x00, 0x00, 0x00, 0x00, 0x00, 0x00, 0x00, 0x00, 0x00, 0x00, 0x00, 0x00,
    0x00, 0x00, 0x00, 0x00, 0x00, 0x00, 0x00, 0x00, 0x00, 0x00, 0x00, 0x00, 0x00, 0x00, 0x00, 0x00,
    0x00, 0x00, 0x00, 0x00, 0x00, 0x00, 0x00, 0x00
};

// 'cloudy', 44x44px
const unsigned char met_bitmap_black_44x44_cloudy[] PROGMEM = {
    0x00, 0x00, 0x00, 0x00, 0x00, 0x00, 0x00, 0x00, 0x00, 0x00, 0x00, 0x00, 0x00, 0x00, 0x00, 0x00,
    0x00, 0x00, 0x00, 0x00, 0x00, 0x00, 0x00, 0x00, 0x00, 0x00, 0x00, 0x00, 0x00, 0x00, 0x00, 0x00,
    0x00, 0x00, 0x00, 0x00, 0x00, 0x00, 0x00, 0x00, 0x00, 0x00, 0x00, 0x00, 0x00, 0x00, 0x00, 0x00,
    0x00, 0x00, 0x00, 0x00, 0x00, 0x00, 0x00, 0x00, 0x00, 0x00, 0x00, 0x00, 0x00, 0x00, 0x03, 0xfc,
    0x00, 0x00, 0x00, 0x00, 0x0f, 0xff, 0x00, 0x00, 0x00, 0x00, 0x1f, 0xff, 0x80, 0x00, 0x00, 0x00,
    0x3f, 0xff, 0xc0, 0x00, 0x00, 0x00, 0x7f, 0xff, 0xe0, 0x00, 0x00, 0x07, 0xff, 0xff, 0xe0, 0x00,
    0x00, 0x0f, 0xff, 0xff, 0xf0, 0x00, 0x00, 0x1f, 0xff, 0xff, 0xf0, 0x00, 0x01, 0xff, 0xff, 0xff,
    0xf8, 0x00, 0x03, 0xff, 0xff, 0xff, 0xfc, 0x00, 0x07, 0xff, 0xff, 0xff, 0xfe, 0x00, 0x0f, 0xff,
    0xff, 0xff, 0xff, 0x00, 0x0f, 0xff, 0xff, 0xff, 0xff, 0x80, 0x1f, 0xff, 0xff, 0xff, 0xff, 0x80,
    0x1f, 0xff, 0xff, 0xff, 0xff, 0x80, 0x1f, 0xff, 0xff, 0xff, 0xff, 0x80, 0x1f, 0xff, 0xff, 0xff,
    0xff, 0x80, 0x0f, 0xff, 0xff, 0xff, 0xff, 0x80, 0x0f, 0xff, 0xff, 0xff, 0xff, 0x00, 0x07, 0xff,
    0xff, 0xff, 0xfe, 0x00, 0x03, 0xff, 0xff, 0xff, 0xfc, 0x00, 0x00, 0x7f, 0xff, 0xff, 0xe0, 0x00,
    0x00, 0x00, 0x00, 0x00, 0x00, 0x00, 0x00, 0x00, 0x00, 0x00, 0x00, 0x00, 0x00, 0x00, 0x00, 0x00,
    0x00, 0x00, 0x00, 0x00, 0x00, 0x00, 0x00, 0x00, 0x00, 0x00, 0x00, 0x00, 0x00, 0x00, 0x00, 0x00,
    0x00, 0x00, 0x00, 0x00, 0x00, 0x00, 0x00, 0x00, 0x00, 0x00, 0x00, 0x00, 0x00, 0x00, 0x00, 0x00,
    0x00, 0x00, 0x00, 0x00, 0x00, 0x00, 0x00, 0x00, 0x00, 0x00, 0x00, 0x00, 0x00, 0x00, 0x00, 0x00,
    0x00, 0x00, 0x00, 0x00, 0x00, 0x00, 0x00, 0x00
};

// 'fair_day', 44x44px
const unsigned char met_bitmap_black_44x44_fair_day[] PROGMEM = {
    0x00, 0x00, 0x00, 0x00, 0x00, 0x00, 0x00, 0x00, 0x00, 0x00, 0x00, 0x00, 0x00, 0x00, 0x00, 0x00,
    0x00, 0x00, 0x00, 0x00, 0x00, 0x00, 0x00, 0x00, 0x00, 0x00, 0x10, 0x00, 0x00, 0x00, 0x00, 0x00,
    0x18, 0x00, 0x00, 0x00, 0x00, 0x00, 0x38, 0x00, 0x00, 0x00, 0x00, 0x18, 0x3c, 0x18, 0x00, 0x00,
    0x00, 0x1c, 0x7c, 0x78, 0x00, 0x00, 0x00, 0x1f, 0x7e, 0xf8, 0x00, 0x00, 0x00, 0x1f, 0xff, 0xf8,
    0x00, 0x00, 0x00, 0x1f, 0xff, 0xf8, 0x00, 0x00, 0x00, 0x1f, 0xff, 0xf0, 0x00, 0x00, 0x0f, 0xff,
    0xff, 0xff, 0xe0, 0x00, 0x07, 0xff, 0xff, 0xff, 0xe0, 0x00, 0x03, 0xff, 0xff, 0xff, 0xc0, 0x00,
    0x03, 0xff, 0xff, 0xff, 0x80, 0x00, 0x01, 0xff, 0xff, 0xfe, 0x70, 0x00, 0x00, 0xff, 0xff, 0xf9,
    0xfc, 0x00, 0x01, 0xff, 0xff, 0xf7, 0xfe, 0x00, 0x0f, 0xff, 0xff, 0xc7, 0xff, 0x00, 0x3f, 0xff,
    0xff, 0x3f, 0xff, 0x80, 0x3f, 0xff, 0xfc, 0xff, 0xff, 0x80, 0x0f, 0xff, 0xfb, 0xff, 0xff, 0xc0,
    0x01, 0xff, 0xf7, 0xff, 0xff, 0xe0, 0x00, 0xff, 0xef, 0xff, 0xff, 0xf0, 0x01, 0xff, 0xef, 0xff,
    0xff, 0xf0, 0x03, 0xff, 0xef, 0xff, 0xff, 0xf0, 0x03, 0xff, 0xef, 0xff, 0xff, 0xf0, 0x07, 0xff,
    0xf7, 0xff, 0xff, 0xe0, 0x0f, 0xff, 0xfb, 0xff, 0xff, 0xc0, 0x00, 0x1f, 0xfc, 0x00, 0x00, 0x00,
    0x00, 0x1f, 0xff, 0xf0, 0x00, 0x00, 0x00, 0x1f, 0xff, 0xf8, 0x00, 0x00, 0x00, 0x1f, 0x7e, 0xf8,
    0x00, 0x00, 0x00, 0x1c, 0x7c, 0x78, 0x00, 0x00, 0x00, 0x18, 0x3c, 0x18, 0x00, 0x00, 0x00, 0x00,
    0x38, 0x00, 0x00, 0x00, 0x00, 0x00, 0x18, 0x00, 0x00, 0x00, 0x00, 0x00, 0x10, 0x00, 0x00, 0x00,
    0x00, 0x00, 0x00, 0x00, 0x00, 0x00, 0x00, 0x00, 0x00, 0x00, 0x00, 0x00, 0x00, 0x00, 0x00, 0x00,
    0x00, 0x00, 0x00, 0x00, 0x00, 0x00, 0x00, 0x00
};

// 'fair_night', 44x44px
const unsigned char met_bitmap_black_44x44_fair_night[] PROGMEM = {
    0x00, 0x00, 0x00, 0x00, 0x00, 0x00, 0x00, 0x00, 0x00, 0x00, 0x00, 0x00, 0x00, 0x00, 0x00, 0x00,
    0x00, 0x00, 0x00, 0x00, 0x00, 0x00, 0x00, 0x00, 0x00, 0x00, 0x00, 0x00, 0x00, 0x00, 0x00, 0x00,
    0x00, 0x00, 0x00, 0x00, 0x00, 0x00, 0x00, 0x00, 0x00, 0x00, 0x00, 0x00, 0x00, 0x00, 0x00, 0x00,
    0x00, 0x00, 0x00, 0x00, 0x00, 0x00, 0x00, 0x00, 0x1e, 0x00, 0x00, 0x00, 0x00, 0x00, 0x0f, 0x80,
    0x00, 0x00, 0x00, 0x00, 0x0f, 0xc0, 0x00, 0x00, 0x00, 0x00, 0x0f, 0xe0, 0x00, 0x00, 0x00, 0x00,
    0x0f, 0xf0, 0x00, 0x00, 0x00, 0x00, 0x0f, 0xf0, 0x00, 0x00, 0x00, 0x00, 0x0f, 0xf8, 0x00, 0x00,
    0x00, 0x00, 0x0f, 0xf8, 0x00, 0x00, 0x00, 0x00, 0x0f, 0xfc, 0x70, 0x00, 0x00, 0x00, 0x0f, 0xf9,
    0xfc, 0x00, 0x00, 0x00, 0x0f, 0xf7, 0xfe, 0x00, 0x00, 0x00, 0x1f, 0xc7, 0xff, 0x00, 0x00, 0x00,
    0x1f, 0x3f, 0xff, 0x80, 0x00, 0x00, 0x3c, 0xff, 0xff, 0x80, 0x00, 0x00, 0x7b, 0xff, 0xff, 0xc0,
    0x00, 0x00, 0xf7, 0xff, 0xff, 0xe0, 0x00, 0x01, 0xef, 0xff, 0xff, 0xf0, 0x00, 0x07, 0xef, 0xff,
    0xff, 0xf0, 0x01, 0xff, 0xef, 0xff, 0xff, 0xf0, 0x01, 0xff, 0xef, 0xff, 0xff, 0xf0, 0x00, 0xff,
    0xf7, 0xff, 0xff, 0xe0, 0x00, 0x7f, 0xfb, 0xff, 0xff, 0xc0, 0x00, 0x3f, 0xfc, 0x00, 0x00, 0x00,
    0x00, 0x1f, 0xfe, 0x00, 0x00, 0x00, 0x00, 0x03, 0xf8, 0x00, 0x00, 0x00, 0x00, 0x00, 0x00, 0x00,
    0x00, 0x00, 0x00, 0x00, 0x00, 0x00, 0x00, 0x00, 0x00, 0x00, 0x00, 0x00, 0x00, 0x00, 0x00, 0x00,
    0x00, 0x00, 0x00, 0x00, 0x00, 0x00, 0x00, 0x00, 0x00, 0x00, 0x00, 0x00, 0x00, 0x00, 0x00, 0x00,
    0x00, 0x00, 0x00, 0x00, 0x00, 0x00, 0x00, 0x00, 0x00, 0x00, 0x00, 0x00, 0x00, 0x00, 0x00, 0x00,
    0x00, 0x00, 0x00, 0x00, 0x00, 0x00, 0x00, 0x00
};

// 'fair_polartwilight', 44x44px
const unsigned char met_bitmap_black_44x44_fair_polartwilight[] PROGMEM = {
    0x00, 0x00, 0x00, 0x00, 0x00, 0x00, 0x00, 0x00, 0x00, 0x00, 0x00, 0x00, 0x00, 0x00, 0x00, 0x00,
    0x00, 0x00, 0x00, 0x00, 0x00, 0x00, 0x00, 0x00, 0x00, 0x00, 0x00, 0x00, 0x00, 0x00, 0x00, 0x00,
    0x00, 0x00, 0x00, 0x00, 0x00, 0x00, 0x00, 0x00, 0x00, 0x00, 0x00, 0x00, 0x00, 0x00, 0x00, 0x00,
    0x00, 0x00, 0x00, 0x00, 0x00, 0x00, 0x00, 0x00, 0x00, 0x00, 0x00, 0x00, 0x00, 0x00, 0x00, 0x00,
    0x00, 0x00, 0x00, 0x00, 0x00, 0x00, 0x00, 0x00, 0x00, 0x00, 0x00, 0x00, 0x00, 0x00, 0x00, 0x00,
    0x00, 0x00, 0x00, 0x00, 0x00, 0x00, 0x00, 0x00, 0x00, 0x00, 0x00, 0x00, 0x00, 0x00, 0x00, 0x00,
    0xff, 0xff, 0xff, 0xff, 0x0f, 0x00, 0xff, 0xff, 0xff, 0xfe, 0x72, 0x00, 0x07, 0xff, 0xff, 0xf9,
    0xfc, 0x00, 0x01, 0xff, 0xff, 0xf7, 0xfe, 0x00, 0x00, 0xff, 0xff, 0xc7, 0xff, 0x00, 0x01, 0xff,
    0xff, 0x3f, 0xff, 0x80, 0x03, 0xff, 0xfc, 0xff, 0xff, 0x80, 0x07, 0xff, 0xfb, 0xff, 0xff, 0xc0,
    0x07, 0xff, 0xf7, 0xff, 0xff, 0xe0, 0x0f, 0xdf, 0xef, 0xff, 0xff, 0xf0, 0x00, 0x1f, 0xef, 0xff,
    0xff, 0xf0, 0x00, 0x1f, 0xef, 0xff, 0xff, 0xf0, 0x00, 0x1f, 0xef, 0xff, 0xff, 0xf0, 0x00, 0x1e,
    0x77, 0xff, 0xff, 0xe0, 0x00, 0x1c, 0x3b, 0xff, 0xff, 0xc0, 0x00, 0x10, 0x38, 0x00, 0x00, 0x00,
    0x00, 0x00, 0x38, 0x00, 0x00, 0x00, 0x00, 0x00, 0x18, 0x00, 0x00, 0x00, 0x00, 0x00, 0x00, 0x00,
    0x00, 0x00, 0x00, 0x00, 0x00, 0x00, 0x00, 0x00, 0x00, 0x00, 0x00, 0x00, 0x00, 0x00, 0x00, 0x00,
    0x00, 0x00, 0x00, 0x00, 0x00, 0x00, 0x00, 0x00, 0x00, 0x00, 0x00, 0x00, 0x00, 0x00, 0x00, 0x00,
    0x00, 0x00, 0x00, 0x00, 0x00, 0x00, 0x00, 0x00, 0x00, 0x00, 0x00, 0x00, 0x00, 0x00, 0x00, 0x00,
    0x00, 0x00, 0x00, 0x00, 0x00, 0x00, 0x00, 0x00
};

// 'fog', 44x44px
const unsigned char met_bitmap_black_44x44_fog[] PROGMEM = {
    0x00, 0x00, 0x00, 0x00, 0x00, 0x00, 0x00, 0x00, 0x00, 0x00, 0x00, 0x00, 0x00, 0x00, 0x00, 0x00,
    0x00, 0x00, 0x00, 0x00, 0x00, 0x00, 0x00, 0x00, 0x00, 0x00, 0x00, 0x00, 0x00, 0x00, 0x00, 0x00,
    0x00, 0x00, 0x00, 0x00, 0x00, 0x00, 0x00, 0x00, 0x00, 0x00, 0x00, 0x00, 0x00, 0x00, 0x00, 0x00,
    0x00, 0x00, 0x00, 0x00, 0x00, 0x00, 0x00, 0x00, 0x00, 0x00, 0x00, 0x00, 0x00, 0x00, 0x03, 0xfc,
    0x00, 0x00, 0x00, 0x00, 0x0f, 0xff, 0x00, 0x00, 0x00, 0x00, 0x1f, 0xff, 0x80, 0x00, 0x00, 0x00,
    0x3f, 0xff, 0xc0, 0x00, 0x00, 0x00, 0x7f, 0xff, 0xe0, 0x00, 0x00, 0x07, 0xff, 0xff, 0xe0, 0x00,
    0x00, 0x0f, 0xff, 0xff, 0xf0, 0x00, 0x00, 0x1f, 0xff, 0xff, 0xf0, 0x00, 0x01, 0xff, 0xff, 0xff,
    0xf8, 0x00, 0x03, 0xff, 0xff, 0xff, 0xfc, 0x00, 0x07, 0xff, 0xff, 0xff, 0xfe, 0x00, 0x0f, 0xff,
    0xff, 0xff, 0xff, 0x00, 0x0f, 0xff, 0xff, 0xff, 0xff, 0x80, 0x1f, 0xff, 0xff, 0xff, 0xff, 0x80,
    0x1f, 0xff, 0xff, 0xff, 0xff, 0x80, 0x1f, 0xff, 0xff, 0xff, 0xff, 0x80, 0x1f, 0xff, 0xff, 0xff,
    0xff, 0x80, 0x0f, 0xff, 0xff, 0xff, 0xff, 0x80, 0x0f, 0xff, 0xff, 0xff, 0xff, 0x00, 0x07, 0xff,
    0xff, 0xff, 0xfe, 0x00, 0x03, 0xff, 0xff, 0xff, 0xfc, 0x00, 0x00, 0x7f, 0xff, 0xff, 0xe0, 0x00,
    0x00, 0x00, 0x00, 0x00, 0x00, 0x00, 0x03, 0xff, 0xff, 0xff, 0xff, 0x00, 0x03, 0xff, 0xff, 0xff,
    0xff, 0x00, 0x00, 0x00, 0x00, 0x00, 0x00, 0x00, 0x00, 0x00, 0x00, 0x00, 0x00, 0x00, 0xff, 0xff,
    0xff, 0xff, 0xc0, 0x00, 0xff, 0xff, 0xff, 0xff, 0x80, 0x00, 0x00, 0x00, 0x00, 0x00, 0x00, 0x00,
    0x07, 0xff, 0xff, 0xff, 0xfe, 0x00, 0x07, 0xff, 0xff, 0xff, 0xfe, 0x00, 0x00, 0x00, 0x00, 0x00,
    0x00, 0x00, 0x00, 0x00, 0x00, 0x00, 0x00, 0x00
};

// 'heavyrain', 44x44px
const unsigned char met_bitmap_black_44x44_heavyrain[] PROGMEM = {
    0x00, 0x00, 0x00, 0x00, 0x00, 0x00, 0x00, 0x00, 0x00, 0x00, 0x00, 0x00, 0x00, 0x00, 0x00, 0x00,
    0x00, 0x00, 0x00, 0x00, 0x00, 0x00, 0x00, 0x00, 0x00, 0x00, 0x00, 0x00, 0x00, 0x00, 0x00, 0x00,
    0x00, 0x00, 0x00, 0x00, 0x00, 0x00, 0x00, 0x00, 0x00, 0x00, 0x00, 0x00, 0x00, 0x00, 0x00, 0x00,
    0x00, 0x00, 0x00, 0x00, 0x00, 0x00, 0x00, 0x00, 0x00, 0x00, 0x00, 0x00, 0x00, 0x00, 0x03, 0xfc,
    0x00, 0x00, 0x00, 0x00, 0x0f, 0xff, 0x00, 0x00, 0x00, 0x00, 0x1f, 0xff, 0x80, 0x00, 0x00, 0x00,
    0x3f, 0xff, 0xc0, 0x00, 0x00, 0x00, 0x7f, 0xff, 0xe0, 0x00, 0x00, 0x07, 0xff, 0xff, 0xe0, 0x00,
    0x00, 0x0f, 0xff, 0xff, 0xf0, 0x00, 0x00, 0x1f, 0xff, 0xff, 0xf0, 0x00, 0x01, 0xff, 0xff, 0xff,
    0xf8, 0x00, 0x03, 0xff, 0xff, 0xff, 0xfc, 0x00, 0x07, 0xff, 0xff, 0xff, 0xfe, 0x00, 0x0f, 0xff,
    0xff, 0xff, 0xff, 0x00, 0x0f, 0xff, 0xff, 0xff, 0xff, 0x80, 0x1f, 0xff, 0xff, 0xff, 0xff, 0x80,
    0x1f, 0xff, 0xff, 0xff, 0xff, 0x80, 0x1f, 0xff, 0xff, 0xff, 0xff, 0x80, 0x1f, 0xff, 0xff, 0xff,
    0xff, 0x80, 0x0f, 0xff, 0xff, 0xff, 0xff, 0x80, 0x0f, 0xff, 0xff, 0xff, 0xff, 0x00, 0x07, 0xff,
    0xff, 0xff, 0xfe, 0x00, 0x03, 0xff, 0xff, 0xff, 0xfc, 0x00, 0x00, 0x7f, 0xff, 0xff, 0xe0, 0x00,
    0x00, 0x00, 0x00, 0x00, 0x00, 0x00, 0x00, 0x00, 0x00, 0x00, 0x00, 0x00, 0x00, 0x20, 0x00, 0x0c,
    0x00, 0x00, 0x00, 0x70, 0x03, 0x8c, 0x00, 0x00, 0x00, 0x70, 0x03, 0x9c, 0x00, 0x00, 0x00, 0xe0,
    0x07, 0x1c, 0x00, 0x00, 0x00, 0xe0, 0xc7, 0x38, 0x30, 0x00, 0x00, 0xc1, 0xce, 0x38, 0x38, 0x00,
    0x00, 0x01, 0xc4, 0x00, 0x70, 0x00, 0x00, 0x03, 0x80, 0x00, 0x70, 0x00, 0x00, 0x03, 0x80, 0x00,
    0xe0, 0x00, 0x00, 0x03, 0x00, 0x00, 0xe0, 0x00
};

// 'heavyrainandthunder', 44x44px
const unsigned char met_bitmap_black_44x44_heavyrainandthunder[] PROGMEM = {
    0x00, 0x00, 0x00, 0x00, 0x00, 0x00, 0x00, 0x00, 0x00, 0x00, 0x00, 0x00, 0x00, 0x00, 0x00, 0x00,
    0x00, 0x00, 0x00, 0x00, 0x00, 0x00, 0x00, 0x00, 0x00, 0x00, 0x00, 0x00, 0x00, 0x00, 0x00, 0x00,
    0x00, 0x00, 0x00, 0x00, 0x00, 0x00, 0x00, 0x00, 0x00, 0x00, 0x00, 0x00, 0x00, 0x00, 0x00, 0x00,
    0x00, 0x00, 0x00, 0x00, 0x00, 0x00, 0x00, 0x00, 0x00, 0x00, 0x00, 0x00, 0x00, 0x00, 0x03, 0xfc,
    0x00, 0x00, 0x00, 0x00, 0x0f, 0xff, 0x00, 0x00, 0x00, 0x00, 0x1f, 0xff, 0x80, 0x00, 0x00, 0x00,
    0x3f, 0xff, 0xc0, 0x00, 0x00, 0x00, 0x7f, 0xff, 0xe0, 0x00, 0x00, 0x07, 0xff, 0xff, 0xe0, 0x00,
    0x00, 0x0f, 0xff, 0xff, 0xf0, 0x00, 0x00, 0x1f, 0xff, 0xff, 0xf0, 0x00, 0x01, 0xff, 0xff, 0xff,
    0xf8, 0x00, 0x03, 0xff, 0xff, 0xff, 0xfc, 0x00, 0x07, 0xff, 0xff, 0xff, 0xfe, 0x00, 0x0f, 0xff,
    0xff, 0xff, 0xff, 0x00, 0x0f, 0xff, 0xff, 0xff, 0xff, 0x80, 0x1f, 0xff, 0xfc, 0xff, 0xff, 0x80,
    0x1f, 0xff, 0xfc, 0x7f, 0xff, 0x80, 0x1f, 0xff, 0xf8, 0xff, 0xff, 0x80, 0x1f, 0xff, 0xf2, 0xff,
    0xff, 0x80, 0x0f, 0xff, 0xf6, 0xff, 0xff, 0x80, 0x0f, 0xff, 0xe6, 0xff, 0xff, 0x00, 0x07, 0xff,
    0xee, 0xff, 0xfe, 0x00, 0x03, 0xff, 0xcc, 0xff, 0xfc, 0x00, 0x00, 0x7f, 0x9e, 0x3f, 0xe0, 0x00,
    0x00, 0x00, 0x1f, 0x80, 0x00, 0x00, 0x00, 0x00, 0x1f, 0x80, 0x00, 0x00, 0x00, 0x20, 0x07, 0x00,
    0x80, 0x00, 0x00, 0x70, 0x07, 0x31, 0xc0, 0x00, 0x00, 0x70, 0x06, 0x71, 0xc0, 0x00, 0x00, 0xe0,
    0x06, 0x73, 0x80, 0x00, 0x00, 0xe3, 0x0c, 0xe3, 0x83, 0x00, 0x00, 0xc3, 0x88, 0xe3, 0x07, 0x00,
    0x00, 0x07, 0x08, 0x40, 0x07, 0x00, 0x00, 0x07, 0x00, 0x00, 0x0e, 0x00, 0x00, 0x07, 0x00, 0x00,
    0x0e, 0x00, 0x00, 0x06, 0x00, 0x00, 0x0c, 0x00
};

// 'heavyrainshowers_day', 44x44px
const unsigned char met_bitmap_black_44x44_heavyrainshowers_day[] PROGMEM = {
    0x00, 0x00, 0x00, 0x00, 0x00, 0x00, 0x00, 0x08, 0x00, 0x00, 0x00, 0x00, 0x00, 0x0c, 0x00, 0x00,
    0x00, 0x00, 0x03, 0x1c, 0x60, 0x00, 0x00, 0x00, 0x03, 0x9e, 0xe0, 0x00, 0x00, 0x00, 0x03, 0xff,
    0xe0, 0x00, 0x00, 0x00, 0x03, 0xff, 0xe0, 0x00, 0x00, 0x00, 0x3f, 0xff, 0xfe, 0x00, 0x00, 0x00,
    0x3f, 0xff, 0xfe, 0x00, 0x00, 0x00, 0x1f, 0xff, 0xf0, 0x00, 0x00, 0x00, 0x0f, 0xff, 0xe3, 0xfc,
    0x00, 0x00, 0x0f, 0xff, 0x8f, 0xff, 0x00, 0x00, 0x3f, 0xff, 0x1f, 0xff, 0x80, 0x00, 0xff, 0xfe,
    0x3f, 0xff, 0xc0, 0x00, 0x3f, 0xf0, 0x7f, 0xff, 0xe0, 0x00, 0x0f, 0xc7, 0xff, 0xff, 0xe0, 0x00,
    0x0f, 0x8f, 0xff, 0xff, 0xf0, 0x00, 0x1c, 0x1f, 0xff, 0xff, 0xf0, 0x00, 0x31, 0xff, 0xff, 0xff,
    0xf8, 0x00, 0x23, 0xff, 0xff, 0xff, 0xfc, 0x00, 0x07, 0xff, 0xff, 0xff, 0xfe, 0x00, 0x0f, 0xff,
    0xff, 0xff, 0xff, 0x00, 0x0f, 0xff, 0xff, 0xff, 0xff, 0x80, 0x1f, 0xff, 0xff, 0xff, 0xff, 0x80,
    0x1f, 0xff, 0xff, 0xff, 0xff, 0x80, 0x1f, 0xff, 0xff, 0xff, 0xff, 0x80, 0x1f, 0xff, 0xff, 0xff,
    0xff, 0x80, 0x0f, 0xff, 0xff, 0xff, 0xff, 0x80, 0x0f, 0xff, 0xff, 0xff, 0xff, 0x00, 0x07, 0xff,
    0xff, 0xff, 0xfe, 0x00, 0x03, 0xff, 0xff, 0xff, 0xfc, 0x00, 0x00, 0x7f, 0xff, 0xff, 0xe0, 0x00,
    0x00, 0x00, 0x00, 0x00, 0x00, 0x00, 0x00, 0x00, 0x00, 0x00, 0x00, 0x00, 0x00, 0x20, 0x00, 0x0c,
    0x00, 0x00, 0x00, 0x70, 0x03, 0x8c, 0x00, 0x00, 0x00, 0x70, 0x03, 0x9c, 0x00, 0x00, 0x00, 0xe0,
    0x07, 0x1c, 0x00, 0x00, 0x00, 0xe0, 0xc7, 0x38, 0x30, 0x00, 0x00, 0xc1, 0xce, 0x38, 0x38, 0x00,
    0x00, 0x01, 0xc4, 0x00, 0x70, 0x00, 0x00, 0x03, 0x80, 0x00, 0x70, 0x00, 0x00, 0x03, 0x80, 0x00,
    0xe0, 0x00, 0x00, 0x03, 0x00, 0x00, 0xe0, 0x00
};

// 'heavyrainshowers_night', 44x44px
const unsigned char met_bitmap_black_44x44_heavyrainshowers_night[] PROGMEM = {
    0x00, 0x00, 0x00, 0x00, 0x00, 0x00, 0x00, 0x00, 0x00, 0x00, 0x00, 0x00, 0x00, 0x30, 0x00, 0x00,
    0x00, 0x00, 0x00, 0x3c, 0x00, 0x00, 0x00, 0x00, 0x00, 0x3e, 0x00, 0x00, 0x00, 0x00, 0x00, 0x1f,
    0x00, 0x00, 0x00, 0x00, 0x00, 0x1f, 0x80, 0x00, 0x00, 0x00, 0x00, 0x1f, 0x80, 0x00, 0x00, 0x00,
    0x00, 0x1f, 0xc0, 0x00, 0x00, 0x00, 0x00, 0x3f, 0xc0, 0x00, 0x00, 0x00, 0x00, 0x3f, 0xc3, 0xfc,
    0x00, 0x00, 0x00, 0x7f, 0x8f, 0xff, 0x00, 0x00, 0x00, 0x7f, 0x1f, 0xff, 0x80, 0x00, 0x01, 0xfe,
    0x3f, 0xff, 0xc0, 0x00, 0x03, 0xf0, 0x7f, 0xff, 0xe0, 0x00, 0x7f, 0xc7, 0xff, 0xff, 0xe0, 0x00,
    0x7f, 0x8f, 0xff, 0xff, 0xf0, 0x00, 0x3c, 0x1f, 0xff, 0xff, 0xf0, 0x00, 0x11, 0xff, 0xff, 0xff,
    0xf8, 0x00, 0x03, 0xff, 0xff, 0xff, 0xfc, 0x00, 0x07, 0xff, 0xff, 0xff, 0xfe, 0x00, 0x0f, 0xff,
    0xff, 0xff, 0xff, 0x00, 0x0f, 0xff, 0xff, 0xff, 0xff, 0x80, 0x1f, 0xff, 0xff, 0xff, 0xff, 0x80,
    0x1f, 0xff, 0xff, 0xff, 0xff, 0x80, 0x1f, 0xff, 0xff, 0xff, 0xff, 0x80, 0x1f, 0xff, 0xff, 0xff,
    0xff, 0x80, 0x0f, 0xff, 0xff, 0xff, 0xff, 0x80, 0x0f, 0xff, 0xff, 0xff, 0xff, 0x00, 0x07, 0xff,
    0xff, 0xff, 0xfe, 0x00, 0x03, 0xff, 0xff, 0xff, 0xfc, 0x00, 0x00, 0x7f, 0xff, 0xff, 0xe0, 0x00,
    0x00, 0x00, 0x00, 0x00, 0x00, 0x00, 0x00, 0x00, 0x00, 0x00, 0x00, 0x00, 0x00, 0x20, 0x00, 0x0c,
    0x00, 0x00, 0x00, 0x70, 0x03, 0x8c, 0x00, 0x00, 0x00, 0x70, 0x03, 0x9c, 0x00, 0x00, 0x00, 0xe0,
    0x07, 0x1c, 0x00, 0x00, 0x00, 0xe0, 0xc7, 0x38, 0x30, 0x00, 0x00, 0xc1, 0xce, 0x38, 0x38, 0x00,
    0x00, 0x01, 0xc4, 0x00, 0x70, 0x00, 0x00, 0x03, 0x80, 0x00, 0x70, 0x00, 0x00, 0x03, 0x80, 0x00,
    0xe0, 0x00, 0x00, 0x03, 0x00, 0x00, 0xe0, 0x00
};

// 'heavyrainshowers_polartwilight', 44x44px
const unsigned char met_bitmap_black_44x44_heavyrainshowers_polartwilight[] PROGMEM = {
    0x00, 0x00, 0x00, 0x00, 0x00, 0x00, 0x00, 0x00, 0x00, 0x00, 0x00, 0x00, 0x00, 0x00, 0x00, 0x00,
    0x00, 0x00, 0x00, 0x00, 0x00, 0x00, 0x00, 0x00, 0x00, 0x00, 0x00, 0x00, 0x00, 0x00, 0x00, 0x00,
    0x00, 0x00, 0x00, 0x00, 0x00, 0x00, 0x00, 0x00, 0x00, 0x00, 0x00, 0x00, 0x00, 0x00, 0x00, 0x00,
    0xff, 0xff, 0xfc, 0x00, 0x00, 0x00, 0x3f, 0xff, 0xf0, 0x00, 0x00, 0x00, 0x07, 0xff, 0xe3, 0xfc,
    0x00, 0x00, 0x07, 0xff, 0x8f, 0xff, 0x00, 0x00, 0x0f, 0xff, 0x1f, 0xff, 0x80, 0x00, 0x0f, 0xfe,
    0x3f, 0xff, 0xc0, 0x00, 0x1f, 0xf0, 0x7f, 0xff, 0xe0, 0x00, 0x00, 0xc7, 0xff, 0xff, 0xe0, 0x00,
    0x00, 0x0f, 0xff, 0xff, 0xf0, 0x00, 0x00, 0x1f, 0xff, 0xff, 0xf0, 0x00, 0x01, 0xff, 0xff, 0xff,
    0xf8, 0x00, 0x03, 0xff, 0xff, 0xff, 0xfc, 0x00, 0x07, 0xff, 0xff, 0xff, 0xfe, 0x00, 0x0f, 0xff,
    0xff, 0xff, 0xff, 0x00, 0x0f, 0xff, 0xff, 0xff, 0xff, 0x80, 0x1f, 0xff, 0xff, 0xff, 0xff, 0x80,
    0x1f, 0xff, 0xff, 0xff, 0xff, 0x80, 0x1f, 0xff, 0xff, 0xff, 0xff, 0x80, 0x1f, 0xff, 0xff, 0xff,
    0xff, 0x80, 0x0f, 0xff, 0xff, 0xff, 0xff, 0x80, 0x0f, 0xff, 0xff, 0xff, 0xff, 0x00, 0x07, 0xff,
    0xff, 0xff, 0xfe, 0x00, 0x03, 0xff, 0xff, 0xff, 0xfc, 0x00, 0x00, 0x7f, 0xff, 0xff, 0xe0, 0x00,
    0x00, 0x00, 0x00, 0x00, 0x00, 0x00, 0x00, 0x00, 0x00, 0x00, 0x00, 0x00, 0x00, 0x20, 0x00, 0x0c,
    0x00, 0x00, 0x00, 0x70, 0x03, 0x8c, 0x00, 0x00, 0x00, 0x70, 0x03, 0x9c, 0x00, 0x00, 0x00, 0xe0,
    0x07, 0x1c, 0x00, 0x00, 0x00, 0xe0, 0xc7, 0x38, 0x30, 0x00, 0x00, 0xc1, 0xce, 0x38, 0x38, 0x00,
    0x00, 0x01, 0xc4, 0x00, 0x70, 0x00, 0x00, 0x03, 0x80, 0x00, 0x70, 0x00, 0x00, 0x03, 0x80, 0x00,
    0xe0, 0x00, 0x00, 0x03, 0x00, 0x00, 0xe0, 0x00
};

// 'heavyrainshowersandthunder_day', 44x44px
const unsigned char met_bitmap_black_44x44_heavyrainshowersandthunder_day[] PROGMEM = {
    0x00, 0x00, 0x00, 0x00, 0x00, 0x00, 0x00, 0x08, 0x00, 0x00, 0x00, 0x00, 0x00, 0x0c, 0x00, 0x00,
    0x00, 0x00, 0x03, 0x1c, 0x60, 0x00, 0x00, 0x00, 0x03, 0x9e, 0xe0, 0x00, 0x00, 0x00, 0x03, 0xff,
    0xe0, 0x00, 0x00, 0x00, 0x03, 0xff, 0xe0, 0x00, 0x00, 0x00, 0x3f, 0xff, 0xfe, 0x00, 0x00, 0x00,
    0x3f, 0xff, 0xfe, 0x00, 0x00, 0x00, 0x1f, 0xff, 0xf0, 0x00, 0x00, 0x00, 0x0f, 0xff, 0xe3, 0xfc,
    0x00, 0x00, 0x0f, 0xff, 0x8f, 0xff, 0x00, 0x00, 0x3f, 0xff, 0x1f, 0xff, 0x80, 0x00, 0xff, 0xfe,
    0x3f, 0xff, 0xc0, 0x00, 0x3f, 0xf0, 0x7f, 0xff, 0xe0, 0x00, 0x0f, 0xc7, 0xff, 0xff, 0xe0, 0x00,
    0x0f, 0x8f, 0xff, 0xff, 0xf0, 0x00, 0x1c, 0x1f, 0xff, 0xff, 0xf0, 0x00, 0x31, 0xff, 0xff, 0xff,
    0xf8, 0x00, 0x23, 0xff, 0xff, 0xff, 0xfc, 0x00, 0x07, 0xff, 0xff, 0xff, 0xfe, 0x00, 0x0f, 0xff,
    0xff, 0xff, 0xff, 0x00, 0x0f, 0xff, 0xff, 0xff, 0xff, 0x80, 0x1f, 0xff, 0xfc, 0xff, 0xff, 0x80,
    0x1f, 0xff, 0xfc, 0x7f, 0xff, 0x80, 0x1f, 0xff, 0xf8, 0xff, 0xff, 0x80, 0x1f, 0xff, 0xf2, 0xff,
    0xff, 0x80, 0x0f, 0xff, 0xf6, 0xff, 0xff, 0x80, 0x0f, 0xff, 0xe6, 0xff, 0xff, 0x00, 0x07, 0xff,
    0xee, 0xff, 0xfe, 0x00, 0x03, 0xff, 0xcc, 0xff, 0xfc, 0x00, 0x00, 0x7f, 0x9e, 0x3f, 0xe0, 0x00,
    0x00, 0x00, 0x1f, 0x80, 0x00, 0x00, 0x00, 0x00, 0x1f, 0x80, 0x00, 0x00, 0x00, 0x20, 0x07, 0x00,
    0x80, 0x00, 0x00, 0x70, 0x07, 0x31, 0xc0, 0x00, 0x00, 0x70, 0x06, 0x71, 0xc0, 0x00, 0x00, 0xe0,
    0x06, 0x73, 0x80, 0x00, 0x00, 0xe3, 0x0c, 0xe3, 0x83, 0x00, 0x00, 0xc3, 0x88, 0xe3, 0x07, 0x00,
    0x00, 0x07, 0x08, 0x40, 0x07, 0x00, 0x00, 0x07, 0x00, 0x00, 0x0e, 0x00, 0x00, 0x07, 0x00, 0x00,
    0x0e, 0x00, 0x00, 0x06, 0x00, 0x00, 0x0c, 0x00
};

// 'heavyrainshowersandthunder_night', 44x44px
const unsigned char met_bitmap_black_44x44_heavyrainshowersandthunder_night[] PROGMEM = {
    0x00, 0x00, 0x00, 0x00, 0x00, 0x00, 0x00, 0x00, 0x00, 0x00, 0x00, 0x00, 0x00, 0x30, 0x00, 0x00,
    0x00, 0x00, 0x00, 0x3c, 0x00, 0x00, 0x00, 0x00, 0x00, 0x3e, 0x00, 0x00, 0x00, 0x00, 0x00, 0x1f,
    0x00, 0x00, 0x00, 0x00, 0x00, 0x1f, 0x80, 0x00, 0x00, 0x00, 0x00, 0x1f, 0x80, 0x00, 0x00, 0x00,
    0x00, 0x1f, 0xc0, 0x00, 0x00, 0x00, 0x00, 0x3f, 0xc0, 0x00, 0x00, 0x00, 0x00, 0x3f, 0xc3, 0xfc,
    0x00, 0x00, 0x00, 0x7f, 0x8f, 0xff, 0x00, 0x00, 0x00, 0x7f, 0x1f, 0xff, 0x80, 0x00, 0x01, 0xfe,
    0x3f, 0xff, 0xc0, 0x00, 0x03, 0xf0, 0x7f, 0xff, 0xe0, 0x00, 0x7f, 0xc7, 0xff, 0xff, 0xe0, 0x00,
    0x7f, 0x8f, 0xff, 0xff, 0xf0, 0x00, 0x3c, 0x1f, 0xff, 0xff, 0xf0, 0x00, 0x11, 0xff, 0xff, 0xff,
    0xf8, 0x00, 0x03, 0xff, 0xff, 0xff, 0xfc, 0x00, 0x07, 0xff, 0xff, 0xff, 0xfe, 0x00, 0x0f, 0xff,
    0xff, 0xff, 0xff, 0x00, 0x0f, 0xff, 0xff, 0xff, 0xff, 0x80, 0x1f, 0xff, 0xfc, 0xff, 0xff, 0x80,
    0x1f, 0xff, 0xfc, 0x7f, 0xff, 0x80, 0x1f, 0xff, 0xf8, 0xff, 0xff, 0x80, 0x1f, 0xff, 0xf2, 0xff,
    0xff, 0x80, 0x0f, 0xff, 0xf6, 0xff, 0xff, 0x80, 0x0f, 0xff, 0xe6, 0xff, 0xff, 0x00, 0x07, 0xff,
    0xee, 0xff, 0xfe, 0x00, 0x03, 0xff, 0xcc, 0xff, 0xfc, 0x00, 0x00, 0x7f, 0x9e, 0x3f, 0xe0, 0x00,
    0x00, 0x00, 0x1f, 0x80, 0x00, 0x00, 0x00, 0x00, 0x1f, 0x80, 0x00, 0x00, 0x00, 0x20, 0x07, 0x00,
    0x80, 0x00, 0x00, 0x70, 0x07, 0x31, 0xc0, 0x00, 0x00, 0x70, 0x06, 0x71, 0xc0, 0x00, 0x00, 0xe0,
    0x06, 0x73, 0x80, 0x00, 0x00, 0xe3, 0x0c, 0xe3, 0x83, 0x00, 0x00, 0xc3, 0x88, 0xe3, 0x07, 0x00,
    0x00, 0x07, 0x08, 0x40, 0x07, 0x00, 0x00, 0x07, 0x00, 0x00, 0x0e, 0x00, 0x00, 0x07, 0x00, 0x00,
    0x0e, 0x00, 0x00, 0x06, 0x00, 0x00, 0x0c, 0x00
};

// 'heavyrainshowersandthunder_polartwilight', 44x44px
const unsigned char met_bitmap_black_44x44_heavyrainshowersandthunder_polartwilight[] PROGMEM = {
    0x00, 0x00, 0x00, 0x00, 0x00, 0x00, 0x00, 0x00, 0x00, 0x00, 0x00, 0x00, 0x00, 0x00, 0x00, 0x00,
    0x00, 0x00, 0x00, 0x00, 0x00, 0x00, 0x00, 0x00, 0x00, 0x00, 0x00, 0x00, 0x00, 0x00, 0x00, 0x00,
    0x00, 0x00, 0x00, 0x00, 0x00, 0x00, 0x00, 0x00, 0x00, 0x00, 0x00, 0x00, 0x00, 0x00, 0x00, 0x00,
    0xff, 0xff, 0xfc, 0x00, 0x00, 0x00, 0x3f, 0xff, 0xf0, 0x00, 0x00, 0x00, 0x07, 0xff, 0xe3, 0xfc,
    0x00, 0x00, 0x07, 0xff, 0x8f, 0xff, 0x00, 0x00, 0x0f, 0xff, 0x1f, 0xff, 0x80, 0x00, 0x0f, 0xfe,
    0x3f, 0xff, 0xc0, 0x00, 0x1f, 0xf0, 0x7f, 0xff, 0xe0, 0x00, 0x00, 0xc7, 0xff, 0xff, 0xe0, 0x00,
    0x00, 0x0f, 0xff, 0xff, 0xf0, 0x00, 0x00, 0x1f, 0xff, 0xff, 0xf0, 0x00, 0x01, 0xff, 0xff, 0xff,
    0xf8, 0x00, 0x03, 0xff, 0xff, 0xff, 0xfc, 0x00, 0x07, 0xff, 0xff, 0xff, 0xfe, 0x00, 0x0f, 0xff,
    0xff, 0xff, 0xff, 0x00, 0x0f, 0xff, 0xff, 0xff, 0xff, 0x80, 0x1f, 0xff, 0xfc, 0xff, 0xff, 0x80,
    0x1f, 0xff, 0xfc, 0x7f, 0xff, 0x80, 0x1f, 0xff, 0xf8, 0xff, 0xff, 0x80, 0x1f, 0xff, 0xf2, 0xff,
    0xff, 0x80, 0x0f, 0xff, 0xf6, 0xff, 0xff, 0x80, 0x0f, 0xff, 0xe6, 0xff, 0xff, 0x00, 0x07, 0xff,
    0xee, 0xff, 0xfe, 0x00, 0x03, 0xff, 0xcc, 0xff, 0xfc, 0x00, 0x00, 0x7f, 0x9e, 0x3f, 0xe0, 0x00,
    0x00, 0x00, 0x1f, 0x80, 0x00, 0x00, 0x00, 0x00, 0x1f, 0x80, 0x00, 0x00, 0x00, 0x20, 0x07, 0x00,
    0x80, 0x00, 0x00, 0x70, 0x07, 0x31, 0xc0, 0x00, 0x00, 0x70, 0x06, 0x71, 0xc0, 0x00, 0x00, 0xe0,
    0x06, 0x73, 0x80, 0x00, 0x00, 0xe3, 0x0c, 0xe3, 0x83, 0x00, 0x00, 0xc3, 0x88, 0xe3, 0x07, 0x00,
    0x00, 0x07, 0x08, 0x40, 0x07, 0x00, 0x00, 0x07, 0x00, 0x00, 0x0e, 0x00, 0x00, 0x07, 0x00, 0x00,
    0x0e, 0x00, 0x00, 0x06, 0x00, 0x00, 0x0c, 0x00
};

// 'heavysleet', 44x44px
const unsigned char met_bitmap_black_44x44_heavysleet[] PROGMEM = {
    0x00, 0x00, 0x00, 0x00, 0x00, 0x00, 0x00, 0x00, 0x00, 0x00, 0x00, 0x00, 0x00, 0x00, 0x00, 0x00,
    0x00, 0x00, 0x00, 0x00, 0x00, 0x00, 0x00, 0x00, 0x00, 0x00, 0x00, 0x00, 0x00, 0x00, 0x00, 0x00,
    0x00, 0x00, 0x00, 0x00, 0x00, 0x00, 0x00, 0x00, 0x00, 0x00, 0x00, 0x00, 0x00, 0x00, 0x00, 0x00,
    0x00, 0x00, 0x00, 0x00, 0x00, 0x00, 0x00, 0x00, 0x00, 0x00, 0x00, 0x00, 0x00, 0x00, 0x03, 0xfc,
    0x00, 0x00, 0x00, 0x00, 0x0f, 0xff, 0x00, 0x00, 0x00, 0x00, 0x1f, 0xff, 0x80, 0x00, 0x00, 0x00,
    0x3f, 0xff, 0xc0, 0x00, 0x00, 0x00, 0x7f, 0xff, 0xe0, 0x00, 0x00, 0x07, 0xff, 0xff, 0xe0, 0x00,
    0x00, 0x0f, 0xff, 0xff, 0xf0, 0x00, 0x00, 0x1f, 0xff, 0xff, 0xf0, 0x00, 0x01, 0xff, 0xff, 0xff,
    0xf8, 0x00, 0x03, 0xff, 0xff, 0xff, 0xfc, 0x00, 0x07, 0xff, 0xff, 0xff, 0xfe, 0x00, 0x0f, 0xff,
    0xff, 0xff, 0xff, 0x00, 0x0f, 0xff, 0xff, 0xff, 0xff, 0x80, 0x1f, 0xff, 0xff, 0xff, 0xff, 0x80,
    0x1f, 0xff, 0xff, 0xff, 0xff, 0x80, 0x1f, 0xff, 0xff, 0xff, 0xff, 0x80, 0x1f, 0xff, 0xff, 0xff,
    0xff, 0x80, 0x0f, 0xff, 0xff, 0xff, 0xff, 0x80, 0x0f, 0xff, 0xff, 0xff, 0xff, 0x00, 0x07, 0xff,
    0xff, 0xff, 0xfe, 0x00, 0x03, 0xff, 0xff, 0xff, 0xfc, 0x00, 0x00, 0x7f, 0xff, 0xff, 0xe0, 0x00,
    0x00, 0x00, 0x00, 0x00, 0x00, 0x00, 0x00, 0x00, 0x00, 0x00, 0x00, 0x00, 0x00, 0x00, 0x00, 0x00,
    0x00, 0x00, 0x00, 0xe0, 0x03, 0x00, 0x30, 0x00, 0x01, 0xf0, 0x03, 0x80, 0x38, 0x00, 0x03, 0xf0,
    0x07, 0x00, 0x70, 0x00, 0x00, 0xe1, 0xc7, 0x00, 0x70, 0x00, 0x00, 0xa1, 0xce, 0x1c, 0xe0, 0x00,
    0x00, 0x01, 0xc6, 0x3e, 0x60, 0x00, 0x00, 0x03, 0x80, 0x7e, 0x00, 0x00, 0x00, 0x03, 0x80, 0x1c,
    0x00, 0x00, 0x00, 0x03, 0x00, 0x1c, 0x00, 0x00
};

// 'heavysleetandthunder', 44x44px
const unsigned char met_bitmap_black_44x44_heavysleetandthunder[] PROGMEM = {
    0x00, 0x00, 0x00, 0x00, 0x00, 0x00, 0x00, 0x00, 0x00, 0x00, 0x00, 0x00, 0x00, 0x00, 0x00, 0x00,
    0x00, 0x00, 0x00, 0x00, 0x00, 0x00, 0x00, 0x00, 0x00, 0x00, 0x00, 0x00, 0x00, 0x00, 0x00, 0x00,
    0x00, 0x00, 0x00, 0x00, 0x00, 0x00, 0x00, 0x00, 0x00, 0x00, 0x00, 0x00, 0x00, 0x00, 0x00, 0x00,
    0x00, 0x00, 0x00, 0x00, 0x00, 0x00, 0x00, 0x00, 0x00, 0x00, 0x00, 0x00, 0x00, 0x00, 0x03, 0xfc,
    0x00, 0x00, 0x00, 0x00, 0x0f, 0xff, 0x00, 0x00, 0x00, 0x00, 0x1f, 0xff, 0x80, 0x00, 0x00, 0x00,
    0x3f, 0xff, 0xc0, 0x00, 0x00, 0x00, 0x7f, 0xff, 0xe0, 0x00, 0x00, 0x07, 0xff, 0xff, 0xe0, 0x00,
    0x00, 0x0f, 0xff, 0xff, 0xf0, 0x00, 0x00, 0x1f, 0xff, 0xff, 0xf0, 0x00, 0x01, 0xff, 0xff, 0xff,
    0xf8, 0x00, 0x03, 0xff, 0xff, 0xff, 0xfc, 0x00, 0x07, 0xff, 0xff, 0xff, 0xfe, 0x00, 0x0f, 0xff,
    0xff, 0xff, 0xff, 0x00, 0x0f, 0xff, 0xff, 0xff, 0xff, 0x80, 0x1f, 0xff, 0xfc, 0xff, 0xff, 0x80,
    0x1f, 0xff, 0xfc, 0x7f, 0xff, 0x80, 0x1f, 0xff, 0xf8, 0xff, 0xff, 0x80, 0x1f, 0xff, 0xf2, 0xff,
    0xff, 0x80, 0x0f, 0xff, 0xf6, 0xff, 0xff, 0x80, 0x0f, 0xff, 0xe6, 0xff, 0xff, 0x00, 0x07, 0xff,
    0xee, 0xff, 0xfe, 0x00, 0x03, 0xff, 0xcc, 0xff, 0xfc, 0x00, 0x00, 0x7f, 0x9e, 0x3f, 0xe0, 0x00,
    0x00, 0x00, 0x1f, 0x80, 0x00, 0x00, 0x00, 0x00, 0x1f, 0x80, 0x00, 0x00, 0x00, 0x00, 0x07, 0x00,
    0x00, 0x00, 0x00, 0xe0, 0x07, 0x30, 0x03, 0x00, 0x01, 0xf0, 0x06, 0x70, 0x07, 0x00, 0x03, 0xf0,
    0x06, 0x70, 0x07, 0x00, 0x00, 0xe1, 0x8c, 0xe0, 0x0e, 0x00, 0x00, 0xa3, 0x88, 0xe3, 0xce, 0x00,
    0x00, 0x03, 0x88, 0xc3, 0xcc, 0x00, 0x00, 0x07, 0x00, 0x07, 0xe0, 0x00, 0x00, 0x07, 0x00, 0x03,
    0xc0, 0x00, 0x00, 0x06, 0x00, 0x03, 0xc0, 0x00
};

// 'heavysleetshowers_day', 44x44px
const unsigned char met_bitmap_black_44x44_heavysleetshowers_day[] PROGMEM = {
    0x00, 0x00, 0x00, 0x00, 0x00, 0x00, 0x00, 0x08, 0x00, 0x00, 0x00, 0x00, 0x00, 0x0c, 0x00, 0x00,
    0x00, 0x00, 0x03, 0x1c, 0x60, 0x00, 0x00, 0x00, 0x03, 0x9e, 0xe0, 0x00, 0x00, 0x00, 0x03, 0xff,
    0xe0, 0x00, 0x00, 0x00, 0x03, 0xff, 0xe0, 0x00, 0x00, 0x00, 0x3f, 0xff, 0xfe, 0x00, 0x00, 0x00,
    0x3f, 0xff, 0xfe, 0x00, 0x00, 0x00, 0x1f, 0xff, 0xf0, 0x00, 0x00, 0x00, 0x0f, 0xff, 0xe3, 0xfc,
    0x00, 0x00, 0x0f, 0xff, 0x8f, 0xff, 0x00, 0x00, 0x3f, 0xff, 0x1f, 0xff, 0x80, 0x00, 0xff, 0xfe,
    0x3f, 0xff, 0xc0, 0x00, 0x3f, 0xf0, 0x7f, 0xff, 0xe0, 0x00, 0x0f, 0xc7, 0xff, 0xff, 0xe0, 0x00,
    0x0f, 0x8f, 0xff, 0xff, 0xf0, 0x00, 0x1c, 0x1f, 0xff, 0xff, 0xf0, 0x00, 0x31, 0xff, 0xff, 0xff,
    0xf8, 0x00, 0x23, 0xff, 0xff, 0xff, 0xfc, 0x00, 0x07, 0xff, 0xff, 0xff, 0xfe, 0x00, 0x0f, 0xff,
    0xff, 0xff, 0xff, 0x00, 0x0f, 0xff, 0xff, 0xff, 0xff, 0x80, 0x1f, 0xff, 0xff, 0xff, 0xff, 0x80,
    0x1f, 0xff, 0xff, 0xff, 0xff, 0x80, 0x1f, 0xff, 0xff, 0xff, 0xff, 0x80, 0x1f, 0xff, 0xff, 0xff,
    0xff, 0x80, 0x0f, 0xff, 0xff, 0xff, 0xff, 0x80, 0x0f, 0xff, 0xff, 0xff, 0xff, 0x00, 0x07, 0xff,
    0xff, 0xff, 0xfe, 0x00, 0x03, 0xff, 0xff, 0xff, 0xfc, 0x00, 0x00, 0x7f, 0xff, 0xff, 0xe0, 0x00,
    0x00, 0x00, 0x00, 0x00, 0x00, 0x00, 0x00, 0x00, 0x00, 0x00, 0x00, 0x00, 0x00, 0x00, 0x00, 0x00,
    0x00, 0x00, 0x00, 0xe0, 0x03, 0x00, 0x30, 0x00, 0x01, 0xf0, 0x03, 0x80, 0x38, 0x00, 0x03, 0xf0,
    0x07, 0x00, 0x70, 0x00, 0x00, 0xe1, 0xc7, 0x00, 0x70, 0x00, 0x00, 0xa1, 0xce, 0x1c, 0xe0, 0x00,
    0x00, 0x01, 0xc6, 0x3e, 0x60, 0x00, 0x00, 0x03, 0x80, 0x7e, 0x00, 0x00, 0x00, 0x03, 0x80, 0x1c,
    0x00, 0x00, 0x00, 0x03, 0x00, 0x1c, 0x00, 0x00
};

// 'heavysleetshowers_night', 44x44px
const unsigned char met_bitmap_black_44x44_heavysleetshowers_night[] PROGMEM = {
    0x00, 0x00, 0x00, 0x00, 0x00, 0x00, 0x00, 0x00, 0x00, 0x00, 0x00, 0x00, 0x00, 0x30, 0x00, 0x00,
    0x00, 0x00, 0x00, 0x3c, 0x00, 0x00, 0x00, 0x00, 0x00, 0x3e, 0x00, 0x00, 0x00, 0x00, 0x00, 0x1f,
    0x00, 0x00, 0x00, 0x00, 0x00, 0x1f, 0x80, 0x00, 0x00, 0x00, 0x00, 0x1f, 0x80, 0x00, 0x00, 0x00,
    0x00, 0x1f, 0xc0, 0x00, 0x00, 0x00, 0x00, 0x3f, 0xc0, 0x00, 0x00, 0x00, 0x00, 0x3f, 0xc3, 0xfc,
    0x00, 0x00, 0x00, 0x7f, 0x8f, 0xff, 0x00, 0x00, 0x00, 0x7f, 0x1f, 0xff, 0x80, 0x00, 0x01, 0xfe,
    0x3f, 0xff, 0xc0, 0x00, 0x03, 0xf0, 0x7f, 0xff, 0xe0, 0x00, 0x7f, 0xc7, 0xff, 0xff, 0xe0, 0x00,
    0x7f, 0x8f, 0xff, 0xff, 0xf0, 0x00, 0x3c, 0x1f, 0xff, 0xff, 0xf0, 0x00, 0x11, 0xff, 0xff, 0xff,
    0xf8, 0x00, 0x03, 0xff, 0xff, 0xff, 0xfc, 0x00, 0x07, 0xff, 0xff, 0xff, 0xfe, 0x00, 0x0f, 0xff,
    0xff, 0xff, 0xff, 0x00, 0x0f, 0xff, 0xff, 0xff, 0xff, 0x80, 0x1f, 0xff, 0xff, 0xff, 0xff, 0x80,
    0x1f, 0xff, 0xff, 0xff, 0xff, 0x80, 0x1f, 0xff, 0xff, 0xff, 0xff, 0x80, 0x1f, 0xff, 0xff, 0xff,
    0xff, 0x80, 0x0f, 0xff, 0xff, 0xff, 0xff, 0x80, 0x0f, 0xff, 0xff, 0xff, 0xff, 0x00, 0x07, 0xff,
    0xff, 0xff, 0xfe, 0x00, 0x03, 0xff, 0xff, 0xff, 0xfc, 0x00, 0x00, 0x7f, 0xff, 0xff, 0xe0, 0x00,
    0x00, 0x00, 0x00, 0x00, 0x00, 0x00, 0x00, 0x00, 0x00, 0x00, 0x00, 0x00, 0x00, 0x00, 0x00, 0x00,
    0x00, 0x00, 0x00, 0xe0, 0x03, 0x00, 0x30, 0x00, 0x01, 0xf0, 0x03, 0x80, 0x38, 0x00, 0x03, 0xf0,
    0x07, 0x00, 0x70, 0x00, 0x00, 0xe1, 0xc7, 0x00, 0x70, 0x00, 0x00, 0xa1, 0xce, 0x1c, 0xe0, 0x00,
    0x00, 0x01, 0xc6, 0x3e, 0x60, 0x00, 0x00, 0x03, 0x80, 0x7e, 0x00, 0x00, 0x00, 0x03, 0x80, 0x1c,
    0x00, 0x00, 0x00, 0x03, 0x00, 0x1c, 0x00, 0x00
};

// 'heavysleetshowers_polartwilight', 44x44px
const unsigned char met_bitmap_black_44x44_heavysleetshowers_polartwilight[] PROGMEM = {
    0x00, 0x00, 0x00, 0x00, 0x00, 0x00, 0x00, 0x00, 0x00, 0x00, 0x00, 0x00, 0x00, 0x00, 0x00, 0x00,
    0x00, 0x00, 0x00, 0x00, 0x00, 0x00, 0x00, 0x00, 0x00, 0x00, 0x00, 0x00, 0x00, 0x00, 0x00, 0x00,
    0x00, 0x00, 0x00, 0x00, 0x00, 0x00, 0x00, 0x00, 0x00, 0x00, 0x00, 0x00, 0x00, 0x00, 0x00, 0x00,
    0xff, 0xff, 0xfc, 0x00, 0x00, 0x00, 0x3f, 0xff, 0xf0, 0x00, 0x00, 0x00, 0x07, 0xff, 0xe3, 0xfc,
    0x00, 0x00, 0x07, 0xff, 0x8f, 0xff, 0x00, 0x00, 0x0f, 0xff, 0x1f, 0xff, 0x80, 0x00, 0x0f, 0xfe,
    0x3f, 0xff, 0xc0, 0x00, 0x1f, 0xf0, 0x7f, 0xff, 0xe0, 0x00, 0x00, 0xc7, 0xff, 0xff, 0xe0, 0x00,
    0x00, 0x0f, 0xff, 0xff, 0xf0, 0x00, 0x00, 0x1f, 0xff, 0xff, 0xf0, 0x00, 0x01, 0xff, 0xff, 0xff,
    0xf8, 0x00, 0x03, 0xff, 0xff, 0xff, 0xfc, 0x00, 0x07, 0xff, 0xff, 0xff, 0xfe, 0x00, 0x0f, 0xff,
    0xff, 0xff, 0xff, 0x00, 0x0f, 0xff, 0xff, 0xff, 0xff, 0x80, 0x1f, 0xff, 0xff, 0xff, 0xff, 0x80,
    0x1f, 0xff, 0xff, 0xff, 0xff, 0x80, 0x1f, 0xff, 0xff, 0xff, 0xff, 0x80, 0x1f, 0xff, 0xff, 0xff,
    0xff, 0x80, 0x0f, 0xff, 0xff, 0xff, 0xff, 0x80, 0x0f, 0xff, 0xff, 0xff, 0xff, 0x00, 0x07, 0xff,
    0xff, 0xff, 0xfe, 0x00, 0x03, 0xff, 0xff, 0xff, 0xfc, 0x00, 0x00, 0x7f, 0xff, 0xff, 0xe0, 0x00,
    0x00, 0x00, 0x00, 0x00, 0x00, 0x00, 0x00, 0x00, 0x00, 0x00, 0x00, 0x00, 0x00, 0x00, 0x00, 0x00,
    0x00, 0x00, 0x00, 0xe0, 0x03, 0x00, 0x30, 0x00, 0x01, 0xf0, 0x03, 0x80, 0x38, 0x00, 0x03, 0xf0,
    0x07, 0x00, 0x70, 0x00, 0x00, 0xe1, 0xc7, 0x00, 0x70, 0x00, 0x00, 0xa1, 0xce, 0x1c, 0xe0, 0x00,
    0x00, 0x01, 0xc6, 0x3e, 0x60, 0x00, 0x00, 0x03, 0x80, 0x7e, 0x00, 0x00, 0x00, 0x03, 0x80, 0x1c,
    0x00, 0x00, 0x00, 0x03, 0x00, 0x1c, 0x00, 0x00
};

// 'heavysleetshowersandthunder_day', 44x44px
const unsigned char met_bitmap_black_44x44_heavysleetshowersandthunder_day[] PROGMEM = {
    0x00, 0x00, 0x00, 0x00, 0x00, 0x00, 0x00, 0x08, 0x00, 0x00, 0x00, 0x00, 0x00, 0x0c, 0x00, 0x00,
    0x00, 0x00, 0x03, 0x1c, 0x60, 0x00, 0x00, 0x00, 0x03, 0x9e, 0xe0, 0x00, 0x00, 0x00, 0x03, 0xff,
    0xe0, 0x00, 0x00, 0x00, 0x03, 0xff, 0xe0, 0x00, 0x00, 0x00, 0x3f, 0xff, 0xfe, 0x00, 0x00, 0x00,
    0x3f, 0xff, 0xfe, 0x00, 0x00, 0x00, 0x1f, 0xff, 0xf0, 0x00, 0x00, 0x00, 0x0f, 0xff, 0xe3, 0xfc,
    0x00, 0x00, 0x0f, 0xff, 0x8f, 0xff, 0x00, 0x00, 0x3f, 0xff, 0x1f, 0xff, 0x80, 0x00, 0xff, 0xfe,
    0x3f, 0xff, 0xc0, 0x00, 0x3f, 0xf0, 0x7f, 0xff, 0xe0, 0x00, 0x0f, 0xc7, 0xff, 0xff, 0xe0, 0x00,
    0x0f, 0x8f, 0xff, 0xff, 0xf0, 0x00, 0x1c, 0x1f, 0xff, 0xff, 0xf0, 0x00, 0x31, 0xff, 0xff, 0xff,
    0xf8, 0x00, 0x23, 0xff, 0xff, 0xff, 0xfc, 0x00, 0x07, 0xff, 0xff, 0xff, 0xfe, 0x00, 0x0f, 0xff,
    0xff, 0xff, 0xff, 0x00, 0x0f, 0xff, 0xff, 0xff, 0xff, 0x80, 0x1f, 0xff, 0xfc, 0xff, 0xff, 0x80,
    0x1f, 0xff, 0xfc, 0x7f, 0xff, 0x80, 0x1f, 0xff, 0xf8, 0xff, 0xff, 0x80, 0x1f, 0xff, 0xf2, 0xff,
    0xff, 0x80, 0x0f, 0xff, 0xf6, 0xff, 0xff, 0x80, 0x0f, 0xff, 0xe6, 0xff, 0xff, 0x00, 0x07, 0xff,
    0xee, 0xff, 0xfe, 0x00, 0x03, 0xff, 0xcc, 0xff, 0xfc, 0x00, 0x00, 0x7f, 0x9e, 0x3f, 0xe0, 0x00,
    0x00, 0x00, 0x1f, 0x80, 0x00, 0x00, 0x00, 0x00, 0x1f, 0x80, 0x00, 0x00, 0x00, 0x00, 0x07, 0x00,
    0x00, 0x00, 0x00, 0xe0, 0x07, 0x30, 0x03, 0x00, 0x01, 0xf0, 0x06, 0x70, 0x07, 0x00, 0x03, 0xf0,
    0x06, 0x70, 0x07, 0x00, 0x00, 0xe1, 0x8c, 0xe0, 0x0e, 0x00, 0x00, 0xa3, 0x88, 0xe3, 0xce, 0x00,
    0x00, 0x03, 0x88, 0xc3, 0xcc, 0x00, 0x00, 0x07, 0x00, 0x07, 0xe0, 0x00, 0x00, 0x07, 0x00, 0x03,
    0xc0, 0x00, 0x00, 0x06, 0x00, 0x03, 0xc0, 0x00
};

// 'heavysleetshowersandthunder_night', 44x44px
const unsigned char met_bitmap_black_44x44_heavysleetshowersandthunder_night[] PROGMEM = {
    0x00, 0x00, 0x00, 0x00, 0x00, 0x00, 0x00, 0x00, 0x00, 0x00, 0x00, 0x00, 0x00, 0x30, 0x00, 0x00,
    0x00, 0x00, 0x00, 0x3c, 0x00, 0x00, 0x00, 0x00, 0x00, 0x3e, 0x00, 0x00, 0x00, 0x00, 0x00, 0x1f,
    0x00, 0x00, 0x00, 0x00, 0x00, 0x1f, 0x80, 0x00, 0x00, 0x00, 0x00, 0x1f, 0x80, 0x00, 0x00, 0x00,
    0x00, 0x1f, 0xc0, 0x00, 0x00, 0x00, 0x00, 0x3f, 0xc0, 0x00, 0x00, 0x00, 0x00, 0x3f, 0xc3, 0xfc,
    0x00, 0x00, 0x00, 0x7f, 0x8f, 0xff, 0x00, 0x00, 0x00, 0x7f, 0x1f, 0xff, 0x80, 0x00, 0x01, 0xfe,
    0x3f, 0xff, 0xc0, 0x00, 0x03, 0xf0, 0x7f, 0xff, 0xe0, 0x00, 0x7f, 0xc7, 0xff, 0xff, 0xe0, 0x00,
    0x7f, 0x8f, 0xff, 0xff, 0xf0, 0x00, 0x3c, 0x1f, 0xff, 0xff, 0xf0, 0x00, 0x11, 0xff, 0xff, 0xff,
    0xf8, 0x00, 0x03, 0xff, 0xff, 0xff, 0xfc, 0x00, 0x07, 0xff, 0xff, 0xff, 0xfe, 0x00, 0x0f, 0xff,
    0xff, 0xff, 0xff, 0x00, 0x0f, 0xff, 0xff, 0xff, 0xff, 0x80, 0x1f, 0xff, 0xfc, 0xff, 0xff, 0x80,
    0x1f, 0xff, 0xfc, 0x7f, 0xff, 0x80, 0x1f, 0xff, 0xf8, 0xff, 0xff, 0x80, 0x1f, 0xff, 0xf2, 0xff,
    0xff, 0x80, 0x0f, 0xff, 0xf6, 0xff, 0xff, 0x80, 0x0f, 0xff, 0xe6, 0xff, 0xff, 0x00, 0x07, 0xff,
    0xee, 0xff, 0xfe, 0x00, 0x03, 0xff, 0xcc, 0xff, 0xfc, 0x00, 0x00, 0x7f, 0x9e, 0x3f, 0xe0, 0x00,
    0x00, 0x00, 0x1f, 0x80, 0x00, 0x00, 0x00, 0x00, 0x1f, 0x80, 0x00, 0x00, 0x00, 0x00, 0x07, 0x00,
    0x00, 0x00, 0x00, 0xe0, 0x07, 0x30, 0x03, 0x00, 0x01, 0xf0, 0x06, 0x70, 0x07, 0x00, 0x03, 0xf0,
    0x06, 0x70, 0x07, 0x00, 0x00, 0xe1, 0x8c, 0xe0, 0x0e, 0x00, 0x00, 0xa3, 0x88, 0xe3, 0xce, 0x00,
    0x00, 0x03, 0x88, 0xc3, 0xcc, 0x00, 0x00, 0x07, 0x00, 0x07, 0xe0, 0x00, 0x00, 0x07, 0x00, 0x03,
    0xc0, 0x00, 0x00, 0x06, 0x00, 0x03, 0xc0, 0x00
};

// 'heavysleetshowersandthunder_polartwilight', 44x44px
const unsigned char met_bitmap_black_44x44_heavysleetshowersandthunder_polartwilight[] PROGMEM = {
    0x00, 0x00, 0x00, 0x00, 0x00, 0x00, 0x00, 0x00, 0x00, 0x00, 0x00, 0x00, 0x00, 0x00, 0x00, 0x00,
    0x00, 0x00, 0x00, 0x00, 0x00, 0x00, 0x00, 0x00, 0x00, 0x00, 0x00, 0x00, 0x00, 0x00, 0x00, 0x00,
    0x00, 0x00, 0x00, 0x00, 0x00, 0x00, 0x00, 0x00, 0x00, 0x00, 0x00, 0x00, 0x00, 0x00, 0x00, 0x00,
    0xff, 0xff, 0xfc, 0x00, 0x00, 0x00, 0x3f, 0xff, 0xf0, 0x00, 0x00, 0x00, 0x07, 0xff, 0xe3, 0xfc,
    0x00, 0x00, 0x07, 0xff, 0x8f, 0xff, 0x00, 0x00, 0x0f, 0xff, 0x1f, 0xff, 0x80, 0x00, 0x0f, 0xfe,
    0x3f, 0xff, 0xc0, 0x00, 0x1f, 0xf0, 0x7f, 0xff, 0xe0, 0x00, 0x00, 0xc7, 0xff, 0xff, 0xe0, 0x00,
    0x00, 0x0f, 0xff, 0xff, 0xf0, 0x00, 0x00, 0x1f, 0xff, 0xff, 0xf0, 0x00, 0x01, 0xff, 0xff, 0xff,
    0xf8, 0x00, 0x03, 0xff, 0xff, 0xff, 0xfc, 0x00, 0x07, 0xff, 0xff, 0xff, 0xfe, 0x00, 0x0f, 0xff,
    0xff, 0xff, 0xff, 0x00, 0x0f, 0xff, 0xff, 0xff, 0xff, 0x80, 0x1f, 0xff, 0xfc, 0xff, 0xff, 0x80,
    0x1f, 0xff, 0xfc, 0x7f, 0xff, 0x80, 0x1f, 0xff, 0xf8, 0xff, 0xff, 0x80, 0x1f, 0xff, 0xf2, 0xff,
    0xff, 0x80, 0x0f, 0xff, 0xf6, 0xff, 0xff, 0x80, 0x0f, 0xff, 0xe6, 0xff, 0xff, 0x00, 0x07, 0xff,
    0xee, 0xff, 0xfe, 0x00, 0x03, 0xff, 0xcc, 0xff, 0xfc, 0x00, 0x00, 0x7f, 0x9e, 0x3f, 0xe0, 0x00,
    0x00, 0x00, 0x1f, 0x80, 0x00, 0x00, 0x00, 0x00, 0x1f, 0x80, 0x00, 0x00, 0x00, 0x00, 0x07, 0x00,
    0x00, 0x00, 0x00, 0xe0, 0x07, 0x30, 0x03, 0x00, 0x01, 0xf0, 0x06, 0x70, 0x07, 0x00, 0x03, 0xf0,
    0x06, 0x70, 0x07, 0x00, 0x00, 0xe1, 0x8c, 0xe0, 0x0e, 0x00, 0x00, 0xa3, 0x88, 0xe3, 0xce, 0x00,
    0x00, 0x03, 0x88, 0xc3, 0xcc, 0x00, 0x00, 0x07, 0x00, 0x07, 0xe0, 0x00, 0x00, 0x07, 0x00, 0x03,
    0xc0, 0x00, 0x00, 0x06, 0x00, 0x03, 0xc0, 0x00
};

// 'heavysnow', 44x44px
const unsigned char met_bitmap_black_44x44_heavysnow[] PROGMEM = {
    0x00, 0x00, 0x00, 0x00, 0x00, 0x00, 0x00, 0x00, 0x00, 0x00, 0x00, 0x00, 0x00, 0x00, 0x00, 0x00,
    0x00, 0x00, 0x00, 0x00, 0x00, 0x00, 0x00, 0x00, 0x00, 0x00, 0x00, 0x00, 0x00, 0x00, 0x00, 0x00,
    0x00, 0x00, 0x00, 0x00, 0x00, 0x00, 0x00, 0x00, 0x00, 0x00, 0x00, 0x00, 0x00, 0x00, 0x00, 0x00,
    0x00, 0x00, 0x00, 0x00, 0x00, 0x00, 0x00, 0x00, 0x00, 0x00, 0x00, 0x00, 0x00, 0x00, 0x03, 0xfc,
    0x00, 0x00, 0x00, 0x00, 0x0f, 0xff, 0x00, 0x00, 0x00, 0x00, 0x1f, 0xff, 0x80, 0x00, 0x00, 0x00,
    0x3f, 0xff, 0xc0, 0x00, 0x00, 0x00, 0x7f, 0xff, 0xe0, 0x00, 0x00, 0x07, 0xff, 0xff, 0xe0, 0x00,
    0x00, 0x0f, 0xff, 0xff, 0xf0, 0x00, 0x00, 0x1f, 0xff, 0xff, 0xf0, 0x00, 0x01, 0xff, 0xff, 0xff,
    0xf8, 0x00, 0x03, 0xff, 0xff, 0xff, 0xfc, 0x00, 0x07, 0xff, 0xff, 0xff, 0xfe, 0x00, 0x0f, 0xff,
    0xff, 0xff, 0xff, 0x00, 0x0f, 0xff, 0xff, 0xff, 0xff, 0x80, 0x1f, 0xff, 0xff, 0xff, 0xff, 0x80,
    0x1f, 0xff, 0xff, 0xff, 0xff, 0x80, 0x1f, 0xff, 0xff, 0xff, 0xff, 0x80, 0x1f, 0xff, 0xff, 0xff,
    0xff, 0x80, 0x0f, 0xff, 0xff, 0xff, 0xff, 0x80, 0x0f, 0xff, 0xff, 0xff, 0xff, 0x00, 0x07, 0xff,
    0xff, 0xff, 0xfe, 0x00, 0x03, 0xff, 0xff, 0xff, 0xfc, 0x00, 0x00, 0x7f, 0xff, 0xff, 0xe0, 0x00,
    0x00, 0x00, 0x00, 0x00, 0x00, 0x00, 0x00, 0x00, 0x00, 0x00, 0x00, 0x00, 0x00, 0x00, 0x00, 0x00,
    0x00, 0x00, 0x00, 0xe0, 0x0f, 0x00, 0x70, 0x00, 0x01, 0xf0, 0x0f, 0x80, 0xf8, 0x00, 0x03, 0xf0,
    0x1f, 0x80, 0xfc, 0x00, 0x00, 0xe0, 0x0f, 0x00, 0x70, 0x00, 0x00, 0xa3, 0xcf, 0x1c, 0x50, 0x00,
    0x00, 0x07, 0xc0, 0x3e, 0x00, 0x00, 0x00, 0x07, 0xe0, 0x7e, 0x00, 0x00, 0x00, 0x03, 0x80, 0x1c,
    0x00, 0x00, 0x00, 0x03, 0xc0, 0x1c, 0x00, 0x00
};

// 'heavysnowandthunder', 44x44px
const unsigned char met_bitmap_black_44x44_heavysnowandthunder[] PROGMEM = {
    0x00, 0x00, 0x00, 0x00, 0x00, 0x00, 0x00, 0x00, 0x00, 0x00, 0x00, 0x00, 0x00, 0x00, 0x00, 0x00,
    0x00, 0x00, 0x00, 0x00, 0x00, 0x00, 0x00, 0x00, 0x00, 0x00, 0x00, 0x00, 0x00, 0x00, 0x00, 0x00,
    0x00, 0x00, 0x00, 0x00, 0x00, 0x00, 0x00, 0x00, 0x00, 0x00, 0x00, 0x00, 0x00, 0x00, 0x00, 0x00,
    0x00, 0x00, 0x00, 0x00, 0x00, 0x00, 0x00, 0x00, 0x00, 0x00, 0x00, 0x00, 0x00, 0x00, 0x03, 0xfc,
    0x00, 0x00, 0x00, 0x00, 0x0f, 0xff, 0x00, 0x00, 0x00, 0x00, 0x1f, 0xff, 0x80, 0x00, 0x00, 0x00,
    0x3f, 0xff, 0xc0, 0x00, 0x00, 0x00, 0x7f, 0xff, 0xe0, 0x00, 0x00, 0x07, 0xff, 0xff, 0xe0, 0x00,
    0x00, 0x0f, 0xff, 0xff, 0xf0, 0x00, 0x00, 0x1f, 0xff, 0xff, 0xf0, 0x00, 0x01, 0xff, 0xff, 0xff,
    0xf8, 0x00, 0x03, 0xff, 0xff, 0xff, 0xfc, 0x00, 0x07, 0xff, 0xff, 0xff, 0xfe, 0x00, 0x0f, 0xff,
    0xff, 0xff, 0xff, 0x00, 0x0f, 0xff, 0xff, 0xff, 0xff, 0x80, 0x1f, 0xff, 0xfc, 0xff, 0xff, 0x80,
    0x1f, 0xff, 0xfc, 0x7f, 0xff, 0x80, 0x1f, 0xff, 0xf8, 0xff, 0xff, 0x80, 0x1f, 0xff, 0xf2, 0xff,
    0xff, 0x80, 0x0f, 0xff, 0xf6, 0xff, 0xff, 0x80, 0x0f, 0xff, 0xe6, 0xff, 0xff, 0x00, 0x07, 0xff,
    0xee, 0xff, 0xfe, 0x00, 0x03, 0xff, 0xcc, 0xff, 0xfc, 0x00, 0x00, 0x7f, 0x9e, 0x3f, 0xe0, 0x00,
    0x00, 0x00, 0x1f, 0x80, 0x00, 0x00, 0x00, 0x00, 0x1f, 0x80, 0x00, 0x00, 0x00, 0x00, 0x07, 0x00,
    0x00, 0x00, 0x01, 0xe0, 0x07, 0x78, 0x03, 0x80, 0x03, 0xe0, 0x06, 0x78, 0x07, 0xc0, 0x03, 0xf0,
    0x06, 0xfc, 0x0f, 0xc0, 0x01, 0xc0, 0x0c, 0x78, 0x03, 0x80, 0x01, 0x47, 0x88, 0x79, 0xe3, 0x80,
    0x00, 0x0f, 0x88, 0x01, 0xf0, 0x00, 0x00, 0x0f, 0xc0, 0x03, 0xf0, 0x00, 0x00, 0x07, 0x80, 0x01,
    0xe0, 0x00, 0x00, 0x07, 0x80, 0x01, 0xe0, 0x00
};

// 'heavysnowshowers_day', 44x44px
const unsigned char met_bitmap_black_44x44_heavysnowshowers_day[] PROGMEM = {
    0x00, 0x00, 0x00, 0x00, 0x00, 0x00, 0x00, 0x08, 0x00, 0x00, 0x00, 0x00, 0x00, 0x0c, 0x00, 0x00,
    0x00, 0x00, 0x03, 0x1c, 0x60, 0x00, 0x00, 0x00, 0x03, 0x9e, 0xe0, 0x00, 0x00, 0x00, 0x03, 0xff,
    0xe0, 0x00, 0x00, 0x00, 0x03, 0xff, 0xe0, 0x00, 0x00, 0x00, 0x3f, 0xff, 0xfe, 0x00, 0x00, 0x00,
    0x3f, 0xff, 0xfe, 0x00, 0x00, 0x00, 0x1f, 0xff, 0xf0, 0x00, 0x00, 0x00, 0x0f, 0xff, 0xe3, 0xfc,
    0x00, 0x00, 0x0f, 0xff, 0x8f, 0xff, 0x00, 0x00, 0x3f, 0xff, 0x1f, 0xff, 0x80, 0x00, 0xff, 0xfe,
    0x3f, 0xff, 0xc0, 0x00, 0x3f, 0xf0, 0x7f, 0xff, 0xe0, 0x00, 0x0f, 0xc7, 0xff, 0xff, 0xe0, 0x00,
    0x0f, 0x8f, 0xff, 0xff, 0xf0, 0x00, 0x1c, 0x1f, 0xff, 0xff, 0xf0, 0x00, 0x31, 0xff, 0xff, 0xff,
    0xf8, 0x00, 0x23, 0xff, 0xff, 0xff, 0xfc, 0x00, 0x07, 0xff, 0xff, 0xff, 0xfe, 0x00, 0x0f, 0xff,
    0xff, 0xff, 0xff, 0x00, 0x0f, 0xff, 0xff, 0xff, 0xff, 0x80, 0x1f, 0xff, 0xff, 0xff, 0xff, 0x80,
    0x1f, 0xff, 0xff, 0xff, 0xff, 0x80, 0x1f, 0xff, 0xff, 0xff, 0xff, 0x80, 0x1f, 0xff, 0xff, 0xff,
    0xff, 0x80, 0x0f, 0xff, 0xff, 0xff, 0xff, 0x80, 0x0f, 0xff, 0xff, 0xff, 0xff, 0x00, 0x07, 0xff,
    0xff, 0xff, 0xfe, 0x00, 0x03, 0xff, 0xff, 0xff, 0xfc, 0x00, 0x00, 0x7f, 0xff, 0xff, 0xe0, 0x00,
    0x00, 0x00, 0x00, 0x00, 0x00, 0x00, 0x00, 0x00, 0x00, 0x00, 0x00, 0x00, 0x00, 0x00, 0x00, 0x00,
    0x00, 0x00, 0x00, 0xe0, 0x0f, 0x00, 0x70, 0x00, 0x01, 0xf0, 0x0f, 0x80, 0xf8, 0x00, 0x03, 0xf0,
    0x1f, 0x80, 0xfc, 0x00, 0x00, 0xe0, 0x0f, 0x00, 0x70, 0x00, 0x00, 0xa3, 0xcf, 0x1c, 0x50, 0x00,
    0x00, 0x07, 0xc0, 0x3e, 0x00, 0x00, 0x00, 0x07, 0xe0, 0x7e, 0x00, 0x00, 0x00, 0x03, 0x80, 0x1c,
    0x00, 0x00, 0x00, 0x03, 0xc0, 0x1c, 0x00, 0x00
};

// 'heavysnowshowers_night', 44x44px
const unsigned char met_bitmap_black_44x44_heavysnowshowers_night[] PROGMEM = {
    0x00, 0x00, 0x00, 0x00, 0x00, 0x00, 0x00, 0x00, 0x00, 0x00, 0x00, 0x00, 0x00, 0x30, 0x00, 0x00,
    0x00, 0x00, 0x00, 0x3c, 0x00, 0x00, 0x00, 0x00, 0x00, 0x3e, 0x00, 0x00, 0x00, 0x00, 0x00, 0x1f,
    0x00, 0x00, 0x00, 0x00, 0x00, 0x1f, 0x80, 0x00, 0x00, 0x00, 0x00, 0x1f, 0x80, 0x00, 0x00, 0x00,
    0x00, 0x1f, 0xc0, 0x00, 0x00, 0x00, 0x00, 0x3f, 0xc0, 0x00, 0x00, 0x00, 0x00, 0x3f, 0xc3, 0xfc,
    0x00, 0x00, 0x00, 0x7f, 0x8f, 0xff, 0x00, 0x00, 0x00, 0x7f, 0x1f, 0xff, 0x80, 0x00, 0x01, 0xfe,
    0x3f, 0xff, 0xc0, 0x00, 0x03, 0xf0, 0x7f, 0xff, 0xe0, 0x00, 0x7f, 0xc7, 0xff, 0xff, 0xe0, 0x00,
    0x7f, 0x8f, 0xff, 0xff, 0xf0, 0x00, 0x3c, 0x1f, 0xff, 0xff, 0xf0, 0x00, 0x11, 0xff, 0xff, 0xff,
    0xf8, 0x00, 0x03, 0xff, 0xff, 0xff, 0xfc, 0x00, 0x07, 0xff, 0xff, 0xff, 0xfe, 0x00, 0x0f, 0xff,
    0xff, 0xff, 0xff, 0x00, 0x0f, 0xff, 0xff, 0xff, 0xff, 0x80, 0x1f, 0xff, 0xff, 0xff, 0xff, 0x80,
    0x1f, 0xff, 0xff, 0xff, 0xff, 0x80, 0x1f, 0xff, 0xff, 0xff, 0xff, 0x80, 0x1f, 0xff, 0xff, 0xff,
    0xff, 0x80, 0x0f, 0xff, 0xff, 0xff, 0xff, 0x80, 0x0f, 0xff, 0xff, 0xff, 0xff, 0x00, 0x07, 0xff,
    0xff, 0xff, 0xfe, 0x00, 0x03, 0xff, 0xff, 0xff, 0xfc, 0x00, 0x00, 0x7f, 0xff, 0xff, 0xe0, 0x00,
    0x00, 0x00, 0x00, 0x00, 0x00, 0x00, 0x00, 0x00, 0x00, 0x00, 0x00, 0x00, 0x00, 0x00, 0x00, 0x00,
    0x00, 0x00, 0x00, 0xe0, 0x0f, 0x00, 0x70, 0x00, 0x01, 0xf0, 0x0f, 0x80, 0xf8, 0x00, 0x03, 0xf0,
    0x1f, 0x80, 0xfc, 0x00, 0x00, 0xe0, 0x0f, 0x00, 0x70, 0x00, 0x00, 0xa3, 0xcf, 0x1c, 0x50, 0x00,
    0x00, 0x07, 0xc0, 0x3e, 0x00, 0x00, 0x00, 0x07, 0xe0, 0x7e, 0x00, 0x00, 0x00, 0x03, 0x80, 0x1c,
    0x00, 0x00, 0x00, 0x03, 0xc0, 0x1c, 0x00, 0x00
};

// 'heavysnowshowers_polartwilight', 44x44px
const unsigned char met_bitmap_black_44x44_heavysnowshowers_polartwilight[] PROGMEM = {
    0x00, 0x00, 0x00, 0x00, 0x00, 0x00, 0x00, 0x00, 0x00, 0x00, 0x00, 0x00, 0x00, 0x00, 0x00, 0x00,
    0x00, 0x00, 0x00, 0x00, 0x00, 0x00, 0x00, 0x00, 0x00, 0x00, 0x00, 0x00, 0x00, 0x00, 0x00, 0x00,
    0x00, 0x00, 0x00, 0x00, 0x00, 0x00, 0x00, 0x00, 0x00, 0x00, 0x00, 0x00, 0x00, 0x00, 0x00, 0x00,
    0xff, 0xff, 0xfc, 0x00, 0x00, 0x00, 0x3f, 0xff, 0xf0, 0x00, 0x00, 0x00, 0x07, 0xff, 0xe3, 0xfc,
    0x00, 0x00, 0x07, 0xff, 0x8f, 0xff, 0x00, 0x00, 0x0f, 0xff, 0x1f, 0xff, 0x80, 0x00, 0x0f, 0xfe,
    0x3f, 0xff, 0xc0, 0x00, 0x1f, 0xf0, 0x7f, 0xff, 0xe0, 0x00, 0x00, 0xc7, 0xff, 0xff, 0xe0, 0x00,
    0x00, 0x0f, 0xff, 0xff, 0xf0, 0x00, 0x00, 0x1f, 0xff, 0xff, 0xf0, 0x00, 0x01, 0xff, 0xff, 0xff,
    0xf8, 0x00, 0x03, 0xff, 0xff, 0xff, 0xfc, 0x00, 0x07, 0xff, 0xff, 0xff, 0xfe, 0x00, 0x0f, 0xff,
    0xff, 0xff, 0xff, 0x00, 0x0f, 0xff, 0xff, 0xff, 0xff, 0x80, 0x1f, 0xff, 0xff, 0xff, 0xff, 0x80,
    0x1f, 0xff, 0xff, 0xff, 0xff, 0x80, 0x1f, 0xff, 0xff, 0xff, 0xff, 0x80, 0x1f, 0xff, 0xff, 0xff,
    0xff, 0x80, 0x0f, 0xff, 0xff, 0xff, 0xff, 0x80, 0x0f, 0xff, 0xff, 0xff, 0xff, 0x00, 0x07, 0xff,
    0xff, 0xff, 0xfe, 0x00, 0x03, 0xff, 0xff, 0xff, 0xfc, 0x00, 0x00, 0x7f, 0xff, 0xff, 0xe0, 0x00,
    0x00, 0x00, 0x00, 0x00, 0x00, 0x00, 0x00, 0x00, 0x00, 0x00, 0x00, 0x00, 0x00, 0x00, 0x00, 0x00,
    0x00, 0x00, 0x00, 0xe0, 0x0f, 0x00, 0x70, 0x00, 0x01, 0xf0, 0x0f, 0x80, 0xf8, 0x00, 0x03, 0xf0,
    0x1f, 0x80, 0xfc, 0x00, 0x00, 0xe0, 0x0f, 0x00, 0x70, 0x00, 0x00, 0xa3, 0xcf, 0x1c, 0x50, 0x00,
    0x00, 0x07, 0xc0, 0x3e, 0x00, 0x00, 0x00, 0x07, 0xe0, 0x7e, 0x00, 0x00, 0x00, 0x03, 0x80, 0x1c,
    0x00, 0x00, 0x00, 0x03, 0xc0, 0x1c, 0x00, 0x00
};

// 'heavysnowshowersandthunder_day', 44x44px
const unsigned char met_bitmap_black_44x44_heavysnowshowersandthunder_day[] PROGMEM = {
    0x00, 0x00, 0x00, 0x00, 0x00, 0x00, 0x00, 0x08, 0x00, 0x00, 0x00, 0x00, 0x00, 0x0c, 0x00, 0x00,
    0x00, 0x00, 0x03, 0x1c, 0x60, 0x00, 0x00, 0x00, 0x03, 0x9e, 0xe0, 0x00, 0x00, 0x00, 0x03, 0xff,
    0xe0, 0x00, 0x00, 0x00, 0x03, 0xff, 0xe0, 0x00, 0x00, 0x00, 0x3f, 0xff, 0xfe, 0x00, 0x00, 0x00,
    0x3f, 0xff, 0xfe, 0x00, 0x00, 0x00, 0x1f, 0xff, 0xf0, 0x00, 0x00, 0x00, 0x0f, 0xff, 0xe3, 0xfc,
    0x00, 0x00, 0x0f, 0xff, 0x8f, 0xff, 0x00, 0x00, 0x3f, 0xff, 0x1f, 0xff, 0x80, 0x00, 0xff, 0xfe,
    0x3f, 0xff, 0xc0, 0x00, 0x3f, 0xf0, 0x7f, 0xff, 0xe0, 0x00, 0x0f, 0xc7, 0xff, 0xff, 0xe0, 0x00,
    0x0f, 0x8f, 0xff, 0xff, 0xf0, 0x00, 0x1c, 0x1f, 0xff, 0xff, 0xf0, 0x00, 0x31, 0xff, 0xff, 0xff,
    0xf8, 0x00, 0x23, 0xff, 0xff, 0xff, 0xfc, 0x00, 0x07, 0xff, 0xff, 0xff, 0xfe, 0x00, 0x0f, 0xff,
    0xff, 0xff, 0xff, 0x00, 0x0f, 0xff, 0xff, 0xff, 0xff, 0x80, 0x1f, 0xff, 0xfc, 0xff, 0xff, 0x80,
    0x1f, 0xff, 0xfc, 0x7f, 0xff, 0x80, 0x1f, 0xff, 0xf8, 0xff, 0xff, 0x80, 0x1f, 0xff, 0xf2, 0xff,
    0xff, 0x80, 0x0f, 0xff, 0xf6, 0xff, 0xff, 0x80, 0x0f, 0xff, 0xe6, 0xff, 0xff, 0x00, 0x07, 0xff,
    0xee, 0xff, 0xfe, 0x00, 0x03, 0xff, 0xcc, 0xff, 0xfc, 0x00, 0x00, 0x7f, 0x9e, 0x3f, 0xe0, 0x00,
    0x00, 0x00, 0x1f, 0x80, 0x00, 0x00, 0x00, 0x00, 0x1f, 0x80, 0x00, 0x00, 0x00, 0x00, 0x07, 0x00,
    0x00, 0x00, 0x01, 0xe0, 0x07, 0x78, 0x03, 0x80, 0x03, 0xe0, 0x06, 0x78, 0x07, 0xc0, 0x03, 0xf0,
    0x06, 0xfc, 0x0f, 0xc0, 0x01, 0xc0, 0x0c, 0x78, 0x03, 0x80, 0x01, 0x47, 0x88, 0x79, 0xe3, 0x80,
    0x00, 0x0f, 0x88, 0x01, 0xf0, 0x00, 0x00, 0x0f, 0xc0, 0x03, 0xf0, 0x00, 0x00, 0x07, 0x80, 0x01,
    0xe0, 0x00, 0x00, 0x07, 0x80, 0x01, 0xe0, 0x00
};

// 'heavysnowshowersandthunder_night', 44x44px
const unsigned char met_bitmap_black_44x44_heavysnowshowersandthunder_night[] PROGMEM = {
    0x00, 0x00, 0x00, 0x00, 0x00, 0x00, 0x00, 0x00, 0x00, 0x00, 0x00, 0x00, 0x00, 0x30, 0x00, 0x00,
    0x00, 0x00, 0x00, 0x3c, 0x00, 0x00, 0x00, 0x00, 0x00, 0x3e, 0x00, 0x00, 0x00, 0x00, 0x00, 0x1f,
    0x00, 0x00, 0x00, 0x00, 0x00, 0x1f, 0x80, 0x00, 0x00, 0x00, 0x00, 0x1f, 0x80, 0x00, 0x00, 0x00,
    0x00, 0x1f, 0xc0, 0x00, 0x00, 0x00, 0x00, 0x3f, 0xc0, 0x00, 0x00, 0x00, 0x00, 0x3f, 0xc3, 0xfc,
    0x00, 0x00, 0x00, 0x7f, 0x8f, 0xff, 0x00, 0x00, 0x00, 0x7f, 0x1f, 0xff, 0x80, 0x00, 0x01, 0xfe,
    0x3f, 0xff, 0xc0, 0x00, 0x03, 0xf0, 0x7f, 0xff, 0xe0, 0x00, 0x7f, 0xc7, 0xff, 0xff, 0xe0, 0x00,
    0x7f, 0x8f, 0xff, 0xff, 0xf0, 0x00, 0x3c, 0x1f, 0xff, 0xff, 0xf0, 0x00, 0x11, 0xff, 0xff, 0xff,
    0xf8, 0x00, 0x03, 0xff, 0xff, 0xff, 0xfc, 0x00, 0x07, 0xff, 0xff, 0xff, 0xfe, 0x00, 0x0f, 0xff,
    0xff, 0xff, 0xff, 0x00, 0x0f, 0xff, 0xff, 0xff, 0xff, 0x80, 0x1f, 0xff, 0xfc, 0xff, 0xff, 0x80,
    0x1f, 0xff, 0xfc, 0x7f, 0xff, 0x80, 0x1f, 0xff, 0xf8, 0xff, 0xff, 0x80, 0x1f, 0xff, 0xf2, 0xff,
    0xff, 0x80, 0x0f, 0xff, 0xf6, 0xff, 0xff, 0x80, 0x0f, 0xff, 0xe6, 0xff, 0xff, 0x00, 0x07, 0xff,
    0xee, 0xff, 0xfe, 0x00, 0x03, 0xff, 0xcc, 0xff, 0xfc, 0x00, 0x00, 0x7f, 0x9e, 0x3f, 0xe0, 0x00,
    0x00, 0x00, 0x1f, 0x80, 0x00, 0x00, 0x00, 0x00, 0x1f, 0x80, 0x00, 0x00, 0x00, 0x00, 0x07, 0x00,
    0x00, 0x00, 0x01, 0xe0, 0x07, 0x78, 0x03, 0x80, 0x03, 0xe0, 0x06, 0x78, 0x07, 0xc0, 0x03, 0xf0,
    0x06, 0xfc, 0x0f, 0xc0, 0x01, 0xc0, 0x0c, 0x78, 0x03, 0x80, 0x01, 0x47, 0x88, 0x79, 0xe3, 0x80,
    0x00, 0x0f, 0x88, 0x01, 0xf0, 0x00, 0x00, 0x0f, 0xc0, 0x03, 0xf0, 0x00, 0x00, 0x07, 0x80, 0x01,
    0xe0, 0x00, 0x00, 0x07, 0x80, 0x01, 0xe0, 0x00
};

// 'heavysnowshowersandthunder_polartwilight', 44x44px
const unsigned char met_bitmap_black_44x44_heavysnowshowersandthunder_polartwilight[] PROGMEM = {
    0x00, 0x00, 0x00, 0x00, 0x00, 0x00, 0x00, 0x00, 0x00, 0x00, 0x00, 0x00, 0x00, 0x00, 0x00, 0x00,
    0x00, 0x00, 0x00, 0x00, 0x00, 0x00, 0x00, 0x00, 0x00, 0x00, 0x00, 0x00, 0x00, 0x00, 0x00, 0x00,
    0x00, 0x00, 0x00, 0x00, 0x00, 0x00, 0x00, 0x00, 0x00, 0x00, 0x00, 0x00, 0x00, 0x00, 0x00, 0x00,
    0xff, 0xff, 0xfc, 0x00, 0x00, 0x00, 0x3f, 0xff, 0xf0, 0x00, 0x00, 0x00, 0x07, 0xff, 0xe3, 0xfc,
    0x00, 0x00, 0x07, 0xff, 0x8f, 0xff, 0x00, 0x00, 0x0f, 0xff, 0x1f, 0xff, 0x80, 0x00, 0x0f, 0xfe,
    0x3f, 0xff, 0xc0, 0x00, 0x1f, 0xf0, 0x7f, 0xff, 0xe0, 0x00, 0x00, 0xc7, 0xff, 0xff, 0xe0, 0x00,
    0x00, 0x0f, 0xff, 0xff, 0xf0, 0x00, 0x00, 0x1f, 0xff, 0xff, 0xf0, 0x00, 0x01, 0xff, 0xff, 0xff,
    0xf8, 0x00, 0x03, 0xff, 0xff, 0xff, 0xfc, 0x00, 0x07, 0xff, 0xff, 0xff, 0xfe, 0x00, 0x0f, 0xff,
    0xff, 0xff, 0xff, 0x00, 0x0f, 0xff, 0xff, 0xff, 0xff, 0x80, 0x1f, 0xff, 0xfc, 0xff, 0xff, 0x80,
    0x1f, 0xff, 0xfc, 0x7f, 0xff, 0x80, 0x1f, 0xff, 0xf8, 0xff, 0xff, 0x80, 0x1f, 0xff, 0xf2, 0xff,
    0xff, 0x80, 0x0f, 0xff, 0xf6, 0xff, 0xff, 0x80, 0x0f, 0xff, 0xe6, 0xff, 0xff, 0x00, 0x07, 0xff,
    0xee, 0xff, 0xfe, 0x00, 0x03, 0xff, 0xcc, 0xff, 0xfc, 0x00, 0x00, 0x7f, 0x9e, 0x3f, 0xe0, 0x00,
    0x00, 0x00, 0x1f, 0x80, 0x00, 0x00, 0x00, 0x00, 0x1f, 0x80, 0x00, 0x00, 0x00, 0x00, 0x07, 0x00,
    0x00, 0x00, 0x01, 0xe0, 0x07, 0x78, 0x03, 0x80, 0x03, 0xe0, 0x06, 0x78, 0x07, 0xc0, 0x03, 0xf0,
    0x06, 0xfc, 0x0f, 0xc0, 0x01, 0xc0, 0x0c, 0x78, 0x03, 0x80, 0x01, 0x47, 0x88, 0x79, 0xe3, 0x80,
    0x00, 0x0f, 0x88, 0x01, 0xf0, 0x00, 0x00, 0x0f, 0xc0, 0x03, 0xf0, 0x00, 0x00, 0x07, 0x80, 0x01,
    0xe0, 0x00, 0x00, 0x07, 0x80, 0x01, 0xe0, 0x00
};

// 'lightrain', 44x44px
const unsigned char met_bitmap_black_44x44_lightrain[] PROGMEM = {
    0x00, 0x00, 0x00, 0x00, 0x00, 0x00, 0x00, 0x00, 0x00, 0x00, 0x00, 0x00, 0x00, 0x00, 0x00, 0x00,
    0x00, 0x00, 0x00, 0x00, 0x00, 0x00, 0x00, 0x00, 0x00, 0x00, 0x00, 0x00, 0x00, 0x00, 0x00, 0x00,
    0x00, 0x00, 0x00, 0x00, 0x00, 0x00, 0x00, 0x00, 0x00, 0x00, 0x00, 0x00, 0x00, 0x00, 0x00, 0x00,
    0x00, 0x00, 0x00, 0x00, 0x00, 0x00, 0x00, 0x00, 0x00, 0x00, 0x00, 0x00, 0x00, 0x00, 0x03, 0xfc,
    0x00, 0x00, 0x00, 0x00, 0x0f, 0xff, 0x00, 0x00, 0x00, 0x00, 0x1f, 0xff, 0x80, 0x00, 0x00, 0x00,
    0x3f, 0xff, 0xc0, 0x00, 0x00, 0x00, 0x7f, 0xff, 0xe0, 0x00, 0x00, 0x07, 0xff, 0xff, 0xe0, 0x00,
    0x00, 0x0f, 0xff, 0xff, 0xf0, 0x00, 0x00, 0x1f, 0xff, 0xff, 0xf0, 0x00, 0x01, 0xff, 0xff, 0xff,
    0xf8, 0x00, 0x03, 0xff, 0xff, 0xff, 0xfc, 0x00, 0x07, 0xff, 0xff, 0xff, 0xfe, 0x00, 0x0f, 0xff,
    0xff, 0xff, 0xff, 0x00, 0x0f, 0xff, 0xff, 0xff, 0xff, 0x80, 0x1f, 0xff, 0xff, 0xff, 0xff, 0x80,
    0x1f, 0xff, 0xff, 0xff, 0xff, 0x80, 0x1f, 0xff, 0xff, 0xff, 0xff, 0x80, 0x1f, 0xff, 0xff, 0xff,
    0xff, 0x80, 0x0f, 0xff, 0xff, 0xff, 0xff, 0x80, 0x0f, 0xff, 0xff, 0xff, 0xff, 0x00, 0x07, 0xff,
    0xff, 0xff, 0xfe, 0x00, 0x03, 0xff, 0xff, 0xff, 0xfc, 0x00, 0x00, 0x7f, 0xff, 0xff, 0xe0, 0x00,
    0x00, 0x00, 0x00, 0x00, 0x00, 0x00, 0x00, 0x00, 0x00, 0x00, 0x00, 0x00, 0x00, 0x00, 0x00, 0x30,
    0x00, 0x00, 0x00, 0x00, 0x00, 0x38, 0x00, 0x00, 0x00, 0x00, 0x00, 0x70, 0x00, 0x00, 0x00, 0x00,
    0x00, 0x70, 0x00, 0x00, 0x00, 0x00, 0xc0, 0xe0, 0x00, 0x00, 0x00, 0x01, 0xc0, 0x60, 0x00, 0x00,
    0x00, 0x01, 0xc0, 0x00, 0x00, 0x00, 0x00, 0x03, 0x80, 0x00, 0x00, 0x00, 0x00, 0x03, 0x80, 0x00,
    0x00, 0x00, 0x00, 0x03, 0x00, 0x00, 0x00, 0x00
};

// 'lightrainandthunder', 44x44px
const unsigned char met_bitmap_black_44x44_lightrainandthunder[] PROGMEM = {
    0x00, 0x00, 0x00, 0x00, 0x00, 0x00, 0x00, 0x00, 0x00, 0x00, 0x00, 0x00, 0x00, 0x00, 0x00, 0x00,
    0x00, 0x00, 0x00, 0x00, 0x00, 0x00, 0x00, 0x00, 0x00, 0x00, 0x00, 0x00, 0x00, 0x00, 0x00, 0x00,
    0x00, 0x00, 0x00, 0x00, 0x00, 0x00, 0x00, 0x00, 0x00, 0x00, 0x00, 0x00, 0x00, 0x00, 0x00, 0x00,
    0x00, 0x00, 0x00, 0x00, 0x00, 0x00, 0x00, 0x00, 0x00, 0x00, 0x00, 0x00, 0x00, 0x00, 0x03, 0xfc,
    0x00, 0x00, 0x00, 0x00, 0x0f, 0xff, 0x00, 0x00, 0x00, 0x00, 0x1f, 0xff, 0x80, 0x00, 0x00, 0x00,
    0x3f, 0xff, 0xc0, 0x00, 0x00, 0x00, 0x7f, 0xff, 0xe0, 0x00, 0x00, 0x07, 0xff, 0xff, 0xe0, 0x00,
    0x00, 0x0f, 0xff, 0xff, 0xf0, 0x00, 0x00, 0x1f, 0xff, 0xff, 0xf0, 0x00, 0x01, 0xff, 0xff, 0xff,
    0xf8, 0x00, 0x03, 0xff, 0xff, 0xff, 0xfc, 0x00, 0x07, 0xff, 0xff, 0xff, 0xfe, 0x00, 0x0f, 0xff,
    0xff, 0xff, 0xff, 0x00, 0x0f, 0xff, 0xff, 0xff, 0xff, 0x80, 0x1f, 0xff, 0xfc, 0xff, 0xff, 0x80,
    0x1f, 0xff, 0xfc, 0x7f, 0xff, 0x80, 0x1f, 0xff, 0xf8, 0xff, 0xff, 0x80, 0x1f, 0xff, 0xf2, 0xff,
    0xff, 0x80, 0x0f, 0xff, 0xf6, 0xff, 0xff, 0x80, 0x0f, 0xff, 0xe6, 0xff, 0xff, 0x00, 0x07, 0xff,
    0xee, 0xff, 0xfe, 0x00, 0x03, 0xff, 0xcc, 0xff, 0xfc, 0x00, 0x00, 0x7f, 0x9e, 0x3f, 0xe0, 0x00,
    0x00, 0x00, 0x1f, 0x80, 0x00, 0x00, 0x00, 0x00, 0x1f, 0x80, 0x00, 0x00, 0x00, 0x00, 0x07, 0x18,
    0x00, 0x00, 0x00, 0x00, 0x07, 0x18, 0x00, 0x00, 0x00, 0x00, 0x06, 0x38, 0x00, 0x00, 0x00, 0x00,
    0x06, 0x38, 0x00, 0x00, 0x00, 0x03, 0x0c, 0x70, 0x00, 0x00, 0x00, 0x07, 0x08, 0x70, 0x00, 0x00,
    0x00, 0x07, 0x08, 0x00, 0x00, 0x00, 0x00, 0x07, 0x00, 0x00, 0x00, 0x00, 0x00, 0x0e, 0x00, 0x00,
    0x00, 0x00, 0x00, 0x0e, 0x00, 0x00, 0x00, 0x00
};

// 'lightrainshowers_day', 44x44px
const unsigned char met_bitmap_black_44x44_lightrainshowers_day[] PROGMEM = {
    0x00, 0x00, 0x00, 0x00, 0x00, 0x00, 0x00, 0x08, 0x00, 0x00, 0x00, 0x00, 0x00, 0x0c, 0x00, 0x00,
    0x00, 0x00, 0x03, 0x1c, 0x60, 0x00, 0x00, 0x00, 0x03, 0x9e, 0xe0, 0x00, 0x00, 0x00, 0x03, 0xff,
    0xe0, 0x00, 0x00, 0x00, 0x03, 0xff, 0xe0, 0x00, 0x00, 0x00, 0x3f, 0xff, 0xfe, 0x00, 0x00, 0x00,
    0x3f, 0xff, 0xfe, 0x00, 0x00, 0x00, 0x1f, 0xff, 0xf0, 0x00, 0x00, 0x00, 0x0f, 0xff, 0xe3, 0xfc,
    0x00, 0x00, 0x0f, 0xff, 0x8f, 0xff, 0x00, 0x00, 0x3f, 0xff, 0x1f, 0xff, 0x80, 0x00, 0xff, 0xfe,
    0x3f, 0xff, 0xc0, 0x00, 0x3f, 0xf0, 0x7f, 0xff, 0xe0, 0x00, 0x0f, 0xc7, 0xff, 0xff, 0xe0, 0x00,
    0x0f, 0x8f, 0xff, 0xff, 0xf0, 0x00, 0x1c, 0x1f, 0xff, 0xff, 0xf0, 0x00, 0x31, 0xff, 0xff, 0xff,
    0xf8, 0x00, 0x23, 0xff, 0xff, 0xff, 0xfc, 0x00, 0x07, 0xff, 0xff, 0xff, 0xfe, 0x00, 0x0f, 0xff,
    0xff, 0xff, 0xff, 0x00, 0x0f, 0xff, 0xff, 0xff, 0xff, 0x80, 0x1f, 0xff, 0xff, 0xff, 0xff, 0x80,
    0x1f, 0xff, 0xff, 0xff, 0xff, 0x80, 0x1f, 0xff, 0xff, 0xff, 0xff, 0x80, 0x1f, 0xff, 0xff, 0xff,
    0xff, 0x80, 0x0f, 0xff, 0xff, 0xff, 0xff, 0x80, 0x0f, 0xff, 0xff, 0xff, 0xff, 0x00, 0x07, 0xff,
    0xff, 0xff, 0xfe, 0x00, 0x03, 0xff, 0xff, 0xff, 0xfc, 0x00, 0x00, 0x7f, 0xff, 0xff, 0xe0, 0x00,
    0x00, 0x00, 0x00, 0x00, 0x00, 0x00, 0x00, 0x00, 0x00, 0x00, 0x00, 0x00, 0x00, 0x00, 0x00, 0x30,
    0x00, 0x00, 0x00, 0x00, 0x00, 0x38, 0x00, 0x00, 0x00, 0x00, 0x00, 0x70, 0x00, 0x00, 0x00, 0x00,
    0x00, 0x70, 0x00, 0x00, 0x00, 0x00, 0xc0, 0xe0, 0x00, 0x00, 0x00, 0x01, 0xc0, 0x60, 0x00, 0x00,
    0x00, 0x01, 0xc0, 0x00, 0x00, 0x00, 0x00, 0x03, 0x80, 0x00, 0x00, 0x00, 0x00, 0x03, 0x80, 0x00,
    0x00, 0x00, 0x00, 0x03, 0x00, 0x00, 0x00, 0x00
};

// 'lightrainshowers_night', 44x44px
const unsigned char met_bitmap_black_44x44_lightrainshowers_night[] PROGMEM = {
    0x00, 0x00, 0x00, 0x00, 0x00, 0x00, 0x00, 0x00, 0x00, 0x00, 0x00, 0x00, 0x00, 0x30, 0x00, 0x00,
    0x00, 0x00, 0x00, 0x3c, 0x00, 0x00, 0x00, 0x00, 0x00, 0x3e, 0x00, 0x00, 0x00, 0x00, 0x00, 0x1f,
    0x00, 0x00, 0x00, 0x00, 0x00, 0x1f, 0x80, 0x00, 0x00, 0x00, 0x00, 0x1f, 0x80, 0x00, 0x00, 0x00,
    0x00, 0x1f, 0xc0, 0x00, 0x00, 0x00, 0x00, 0x3f, 0xc0, 0x00, 0x00, 0x00, 0x00, 0x3f, 0xc3, 0xfc,
    0x00, 0x00, 0x00, 0x7f, 0x8f, 0xff, 0x00, 0x00, 0x00, 0x7f, 0x1f, 0xff, 0x80, 0x00, 0x01, 0xfe,
    0x3f, 0xff, 0xc0, 0x00, 0x03, 0xf0, 0x7f, 0xff, 0xe0, 0x00, 0x7f, 0xc7, 0xff, 0xff, 0xe0, 0x00,
    0x7f, 0x8f, 0xff, 0xff, 0xf0, 0x00, 0x3c, 0x1f, 0xff, 0xff, 0xf0, 0x00, 0x11, 0xff, 0xff, 0xff,
    0xf8, 0x00, 0x03, 0xff, 0xff, 0xff, 0xfc, 0x00, 0x07, 0xff, 0xff, 0xff, 0xfe, 0x00, 0x0f, 0xff,
    0xff, 0xff, 0xff, 0x00, 0x0f, 0xff, 0xff, 0xff, 0xff, 0x80, 0x1f, 0xff, 0xff, 0xff, 0xff, 0x80,
    0x1f, 0xff, 0xff, 0xff, 0xff, 0x80, 0x1f, 0xff, 0xff, 0xff, 0xff, 0x80, 0x1f, 0xff, 0xff, 0xff,
    0xff, 0x80, 0x0f, 0xff, 0xff, 0xff, 0xff, 0x80, 0x0f, 0xff, 0xff, 0xff, 0xff, 0x00, 0x07, 0xff,
    0xff, 0xff, 0xfe, 0x00, 0x03, 0xff, 0xff, 0xff, 0xfc, 0x00, 0x00, 0x7f, 0xff, 0xff, 0xe0, 0x00,
    0x00, 0x00, 0x00, 0x00, 0x00, 0x00, 0x00, 0x00, 0x00, 0x00, 0x00, 0x00, 0x00, 0x00, 0x00, 0x30,
    0x00, 0x00, 0x00, 0x00, 0x00, 0x38, 0x00, 0x00, 0x00, 0x00, 0x00, 0x70, 0x00, 0x00, 0x00, 0x00,
    0x00, 0x70, 0x00, 0x00, 0x00, 0x00, 0xc0, 0xe0, 0x00, 0x00, 0x00, 0x01, 0xc0, 0x60, 0x00, 0x00,
    0x00, 0x01, 0xc0, 0x00, 0x00, 0x00, 0x00, 0x03, 0x80, 0x00, 0x00, 0x00, 0x00, 0x03, 0x80, 0x00,
    0x00, 0x00, 0x00, 0x03, 0x00, 0x00, 0x00, 0x00
};

// 'lightrainshowers_polartwilight', 44x44px
const unsigned char met_bitmap_black_44x44_lightrainshowers_polartwilight[] PROGMEM = {
    0x00, 0x00, 0x00, 0x00, 0x00, 0x00, 0x00, 0x00, 0x00, 0x00, 0x00, 0x00, 0x00, 0x00, 0x00, 0x00,
    0x00, 0x00, 0x00, 0x00, 0x00, 0x00, 0x00, 0x00, 0x00, 0x00, 0x00, 0x00, 0x00, 0x00, 0x00, 0x00,
    0x00, 0x00, 0x00, 0x00, 0x00, 0x00, 0x00, 0x00, 0x00, 0x00, 0x00, 0x00, 0x00, 0x00, 0x00, 0x00,
    0xff, 0xff, 0xfc, 0x00, 0x00, 0x00, 0x3f, 0xff, 0xf0, 0x00, 0x00, 0x00, 0x07, 0xff, 0xe3, 0xfc,
    0x00, 0x00, 0x07, 0xff, 0x8f, 0xff, 0x00, 0x00, 0x0f, 0xff, 0x1f, 0xff, 0x80, 0x00, 0x0f, 0xfe,
    0x3f, 0xff, 0xc0, 0x00, 0x1f, 0xf0, 0x7f, 0xff, 0xe0, 0x00, 0x00, 0xc7, 0xff, 0xff, 0xe0, 0x00,
    0x00, 0x0f, 0xff, 0xff, 0xf0, 0x00, 0x00, 0x1f, 0xff, 0xff, 0xf0, 0x00, 0x01, 0xff, 0xff, 0xff,
    0xf8, 0x00, 0x03, 0xff, 0xff, 0xff, 0xfc, 0x00, 0x07, 0xff, 0xff, 0xff, 0xfe, 0x00, 0x0f, 0xff,
    0xff, 0xff, 0xff, 0x00, 0x0f, 0xff, 0xff, 0xff, 0xff, 0x80, 0x1f, 0xff, 0xff, 0xff, 0xff, 0x80,
    0x1f, 0xff, 0xff, 0xff, 0xff, 0x80, 0x1f, 0xff, 0xff, 0xff, 0xff, 0x80, 0x1f, 0xff, 0xff, 0xff,
    0xff, 0x80, 0x0f, 0xff, 0xff, 0xff, 0xff, 0x80, 0x0f, 0xff, 0xff, 0xff, 0xff, 0x00, 0x07, 0xff,
    0xff, 0xff, 0xfe, 0x00, 0x03, 0xff, 0xff, 0xff, 0xfc, 0x00, 0x00, 0x7f, 0xff, 0xff, 0xe0, 0x00,
    0x00, 0x00, 0x00, 0x00, 0x00, 0x00, 0x00, 0x00, 0x00, 0x00, 0x00, 0x00, 0x00, 0x00, 0x00, 0x30,
    0x00, 0x00, 0x00, 0x00, 0x00, 0x38, 0x00, 0x00, 0x00, 0x00, 0x00, 0x70, 0x00, 0x00, 0x00, 0x00,
    0x00, 0x70, 0x00, 0x00, 0x00, 0x00, 0xc0, 0xe0, 0x00, 0x00, 0x00, 0x01, 0xc0, 0x60, 0x00, 0x00,
    0x00, 0x01, 0xc0, 0x00, 0x00, 0x00, 0x00, 0x03, 0x80, 0x00, 0x00, 0x00, 0x00, 0x03, 0x80, 0x00,
    0x00, 0x00, 0x00, 0x03, 0x00, 0x00, 0x00, 0x00
};

// 'lightrainshowersandthunder_day', 44x44px
const unsigned char met_bitmap_black_44x44_lightrainshowersandthunder_day[] PROGMEM = {
    0x00, 0x00, 0x00, 0x00, 0x00, 0x00, 0x00, 0x08, 0x00, 0x00, 0x00, 0x00, 0x00, 0x0c, 0x00, 0x00,
    0x00, 0x00, 0x03, 0x1c, 0x60, 0x00, 0x00, 0x00, 0x03, 0x9e, 0xe0, 0x00, 0x00, 0x00, 0x03, 0xff,
    0xe0, 0x00, 0x00, 0x00, 0x03, 0xff, 0xe0, 0x00, 0x00, 0x00, 0x3f, 0xff, 0xfe, 0x00, 0x00, 0x00,
    0x3f, 0xff, 0xfe, 0x00, 0x00, 0x00, 0x1f, 0xff, 0xf0, 0x00, 0x00, 0x00, 0x0f, 0xff, 0xe3, 0xfc,
    0x00, 0x00, 0x0f, 0xff, 0x8f, 0xff, 0x00, 0x00, 0x3f, 0xff, 0x1f, 0xff, 0x80, 0x00, 0xff, 0xfe,
    0x3f, 0xff, 0xc0, 0x00, 0x3f, 0xf0, 0x7f, 0xff, 0xe0, 0x00, 0x0f, 0xc7, 0xff, 0xff, 0xe0, 0x00,
    0x0f, 0x8f, 0xff, 0xff, 0xf0, 0x00, 0x1c, 0x1f, 0xff, 0xff, 0xf0, 0x00, 0x31, 0xff, 0xff, 0xff,
    0xf8, 0x00, 0x23, 0xff, 0xff, 0xff, 0xfc, 0x00, 0x07, 0xff, 0xff, 0xff, 0xfe, 0x00, 0x0f, 0xff,
    0xff, 0xff, 0xff, 0x00, 0x0f, 0xff, 0xff, 0xff, 0xff, 0x80, 0x1f, 0xff, 0xfc, 0xff, 0xff, 0x80,
    0x1f, 0xff, 0xfc, 0x7f, 0xff, 0x80, 0x1f, 0xff, 0xf8, 0xff, 0xff, 0x80, 0x1f, 0xff, 0xf2, 0xff,
    0xff, 0x80, 0x0f, 0xff, 0xf6, 0xff, 0xff, 0x80, 0x0f, 0xff, 0xe6, 0xff, 0xff, 0x00, 0x07, 0xff,
    0xee, 0xff, 0xfe, 0x00, 0x03, 0xff, 0xcc, 0xff, 0xfc, 0x00, 0x00, 0x7f, 0x9e, 0x3f, 0xe0, 0x00,
    0x00, 0x00, 0x1f, 0x80, 0x00, 0x00, 0x00, 0x00, 0x1f, 0x80, 0x00, 0x00, 0x00, 0x00, 0x07, 0x18,
    0x00, 0x00, 0x00, 0x00, 0x07, 0x18, 0x00, 0x00, 0x00, 0x00, 0x06, 0x38, 0x00, 0x00, 0x00, 0x00,
    0x06, 0x38, 0x00, 0x00, 0x00, 0x03, 0x0c, 0x70, 0x00, 0x00, 0x00, 0x07, 0x08, 0x70, 0x00, 0x00,
    0x00, 0x07, 0x08, 0x00, 0x00, 0x00, 0x00, 0x07, 0x00, 0x00, 0x00, 0x00, 0x00, 0x0e, 0x00, 0x00,
    0x00, 0x00, 0x00, 0x0e, 0x00, 0x00, 0x00, 0x00
};

// 'lightrainshowersandthunder_night', 44x44px
const unsigned char met_bitmap_black_44x44_lightrainshowersandthunder_night[] PROGMEM = {
    0x00, 0x00, 0x00, 0x00, 0x00, 0x00, 0x00, 0x00, 0x00, 0x00, 0x00, 0x00, 0x00, 0x30, 0x00, 0x00,
    0x00, 0x00, 0x00, 0x3c, 0x00, 0x00, 0x00, 0x00, 0x00, 0x3e, 0x00, 0x00, 0x00, 0x00, 0x00, 0x1f,
    0x00, 0x00, 0x00, 0x00, 0x00, 0x1f, 0x80, 0x00, 0x00, 0x00, 0x00, 0x1f, 0x80, 0x00, 0x00, 0x00,
    0x00, 0x1f, 0xc0, 0x00, 0x00, 0x00, 0x00, 0x3f, 0xc0, 0x00, 0x00, 0x00, 0x00, 0x3f, 0xc3, 0xfc,
    0x00, 0x00, 0x00, 0x7f, 0x8f, 0xff, 0x00, 0x00, 0x00, 0x7f, 0x1f, 0xff, 0x80, 0x00, 0x01, 0xfe,
    0x3f, 0xff, 0xc0, 0x00, 0x03, 0xf0, 0x7f, 0xff, 0xe0, 0x00, 0x7f, 0xc7, 0xff, 0xff, 0xe0, 0x00,
    0x7f, 0x8f, 0xff, 0xff, 0xf0, 0x00, 0x3c, 0x1f, 0xff, 0xff, 0xf0, 0x00, 0x11, 0xff, 0xff, 0xff,
    0xf8, 0x00, 0x03, 0xff, 0xff, 0xff, 0xfc, 0x00, 0x07, 0xff, 0xff, 0xff, 0xfe, 0x00, 0x0f, 0xff,
    0xff, 0xff, 0xff, 0x00, 0x0f, 0xff, 0xff, 0xff, 0xff, 0x80, 0x1f, 0xff, 0xfc, 0xff, 0xff, 0x80,
    0x1f, 0xff, 0xfc, 0x7f, 0xff, 0x80, 0x1f, 0xff, 0xf8, 0xff, 0xff, 0x80, 0x1f, 0xff, 0xf2, 0xff,
    0xff, 0x80, 0x0f, 0xff, 0xf6, 0xff, 0xff, 0x80, 0x0f, 0xff, 0xe6, 0xff, 0xff, 0x00, 0x07, 0xff,
    0xee, 0xff, 0xfe, 0x00, 0x03, 0xff, 0xcc, 0xff, 0xfc, 0x00, 0x00, 0x7f, 0x9e, 0x3f, 0xe0, 0x00,
    0x00, 0x00, 0x1f, 0x80, 0x00, 0x00, 0x00, 0x00, 0x1f, 0x80, 0x00, 0x00, 0x00, 0x00, 0x07, 0x18,
    0x00, 0x00, 0x00, 0x00, 0x07, 0x18, 0x00, 0x00, 0x00, 0x00, 0x06, 0x38, 0x00, 0x00, 0x00, 0x00,
    0x06, 0x38, 0x00, 0x00, 0x00, 0x03, 0x0c, 0x70, 0x00, 0x00, 0x00, 0x07, 0x08, 0x70, 0x00, 0x00,
    0x00, 0x07, 0x08, 0x00, 0x00, 0x00, 0x00, 0x07, 0x00, 0x00, 0x00, 0x00, 0x00, 0x0e, 0x00, 0x00,
    0x00, 0x00, 0x00, 0x0e, 0x00, 0x00, 0x00, 0x00
};

// 'lightrainshowersandthunder_polartwilight', 44x44px
const unsigned char met_bitmap_black_44x44_lightrainshowersandthunder_polartwilight[] PROGMEM = {
    0x00, 0x00, 0x00, 0x00, 0x00, 0x00, 0x00, 0x00, 0x00, 0x00, 0x00, 0x00, 0x00, 0x00, 0x00, 0x00,
    0x00, 0x00, 0x00, 0x00, 0x00, 0x00, 0x00, 0x00, 0x00, 0x00, 0x00, 0x00, 0x00, 0x00, 0x00, 0x00,
    0x00, 0x00, 0x00, 0x00, 0x00, 0x00, 0x00, 0x00, 0x00, 0x00, 0x00, 0x00, 0x00, 0x00, 0x00, 0x00,
    0xff, 0xff, 0xfc, 0x00, 0x00, 0x00, 0x3f, 0xff, 0xf0, 0x00, 0x00, 0x00, 0x07, 0xff, 0xe3, 0xfc,
    0x00, 0x00, 0x07, 0xff, 0x8f, 0xff, 0x00, 0x00, 0x0f, 0xff, 0x1f, 0xff, 0x80, 0x00, 0x0f, 0xfe,
    0x3f, 0xff, 0xc0, 0x00, 0x1f, 0xf0, 0x7f, 0xff, 0xe0, 0x00, 0x00, 0xc7, 0xff, 0xff, 0xe0, 0x00,
    0x00, 0x0f, 0xff, 0xff, 0xf0, 0x00, 0x00, 0x1f, 0xff, 0xff, 0xf0, 0x00, 0x01, 0xff, 0xff, 0xff,
    0xf8, 0x00, 0x03, 0xff, 0xff, 0xff, 0xfc, 0x00, 0x07, 0xff, 0xff, 0xff, 0xfe, 0x00, 0x0f, 0xff,
    0xff, 0xff, 0xff, 0x00, 0x0f, 0xff, 0xff, 0xff, 0xff, 0x80, 0x1f, 0xff, 0xfc, 0xff, 0xff, 0x80,
    0x1f, 0xff, 0xfc, 0x7f, 0xff, 0x80, 0x1f, 0xff, 0xf8, 0xff, 0xff, 0x80, 0x1f, 0xff, 0xf2, 0xff,
    0xff, 0x80, 0x0f, 0xff, 0xf6, 0xff, 0xff, 0x80, 0x0f, 0xff, 0xe6, 0xff, 0xff, 0x00, 0x07, 0xff,
    0xee, 0xff, 0xfe, 0x00, 0x03, 0xff, 0xcc, 0xff, 0xfc, 0x00, 0x00, 0x7f, 0x9e, 0x3f, 0xe0, 0x00,
    0x00, 0x00, 0x1f, 0x80, 0x00, 0x00, 0x00, 0x00, 0x1f, 0x80, 0x00, 0x00, 0x00, 0x00, 0x07, 0x18,
    0x00, 0x00, 0x00, 0x00, 0x07, 0x18, 0x00, 0x00, 0x00, 0x00, 0x06, 0x38, 0x00, 0x00, 0x00, 0x00,
    0x06, 0x38, 0x00, 0x00, 0x00, 0x03, 0x0c, 0x70, 0x00, 0x00, 0x00, 0x07, 0x08, 0x70, 0x00, 0x00,
    0x00, 0x07, 0x08, 0x00, 0x00, 0x00, 0x00, 0x07, 0x00, 0x00, 0x00, 0x00, 0x00, 0x0e, 0x00, 0x00,
    0x00, 0x00, 0x00, 0x0e, 0x00, 0x00, 0x00, 0x00
};

// 'lightsleet', 44x44px
const unsigned char met_bitmap_black_44x44_lightsleet[] PROGMEM = {
    0x00, 0x00, 0x00, 0x00, 0x00, 0x00, 0x00, 0x00, 0x00, 0x00, 0x00, 0x00, 0x00, 0x00, 0x00, 0x00,
    0x00, 0x00, 0x00, 0x00, 0x00, 0x00, 0x00, 0x00, 0x00, 0x00, 0x00, 0x00, 0x00, 0x00, 0x00, 0x00,
    0x00, 0x00, 0x00, 0x00, 0x00, 0x00, 0x00, 0x00, 0x00, 0x00, 0x00, 0x00, 0x00, 0x00, 0x00, 0x00,
    0x00, 0x00, 0x00, 0x00, 0x00, 0x00, 0x00, 0x00, 0x00, 0x00, 0x00, 0x00, 0x00, 0x00, 0x03, 0xfc,
    0x00, 0x00, 0x00, 0x00, 0x0f, 0xff, 0x00, 0x00, 0x00, 0x00, 0x1f, 0xff, 0x80, 0x00, 0x00, 0x00,
    0x3f, 0xff, 0xc0, 0x00, 0x00, 0x00, 0x7f, 0xff, 0xe0, 0x00, 0x00, 0x07, 0xff, 0xff, 0xe0, 0x00,
    0x00, 0x0f, 0xff, 0xff, 0xf0, 0x00, 0x00, 0x1f, 0xff, 0xff, 0xf0, 0x00, 0x01, 0xff, 0xff, 0xff,
    0xf8, 0x00, 0x03, 0xff, 0xff, 0xff, 0xfc, 0x00, 0x07, 0xff, 0xff, 0xff, 0xfe, 0x00, 0x0f, 0xff,
    0xff, 0xff, 0xff, 0x00, 0x0f, 0xff, 0xff, 0xff, 0xff, 0x80, 0x1f, 0xff, 0xff, 0xff, 0xff, 0x80,
    0x1f, 0xff, 0xff, 0xff, 0xff, 0x80, 0x1f, 0xff, 0xff, 0xff, 0xff, 0x80, 0x1f, 0xff, 0xff, 0xff,
    0xff, 0x80, 0x0f, 0xff, 0xff, 0xff, 0xff, 0x80, 0x0f, 0xff, 0xff, 0xff, 0xff, 0x00, 0x07, 0xff,
    0xff, 0xff, 0xfe, 0x00, 0x03, 0xff, 0xff, 0xff, 0xfc, 0x00, 0x00, 0x7f, 0xff, 0xff, 0xe0, 0x00,
    0x00, 0x00, 0x00, 0x00, 0x00, 0x00, 0x00, 0x00, 0x00, 0x00, 0x00, 0x00, 0x00, 0x00, 0x00, 0x00,
    0x00, 0x00, 0x00, 0x00, 0x00, 0x0c, 0x00, 0x00, 0x00, 0x00, 0x00, 0x1c, 0x00, 0x00, 0x00, 0x00,
    0x00, 0x1c, 0x00, 0x00, 0x00, 0x00, 0x00, 0x38, 0x00, 0x00, 0x00, 0x03, 0xc0, 0x38, 0x00, 0x00,
    0x00, 0x07, 0xc0, 0x10, 0x00, 0x00, 0x00, 0x07, 0xe0, 0x00, 0x00, 0x00, 0x00, 0x03, 0x80, 0x00,
    0x00, 0x00, 0x00, 0x03, 0xc0, 0x00, 0x00, 0x00
};

// 'lightsleetandthunder', 44x44px
const unsigned char met_bitmap_black_44x44_lightsleetandthunder[] PROGMEM = {
    0x00, 0x00, 0x00, 0x00, 0x00, 0x00, 0x00, 0x00, 0x00, 0x00, 0x00, 0x00, 0x00, 0x00, 0x00, 0x00,
    0x00, 0x00, 0x00, 0x00, 0x00, 0x00, 0x00, 0x00, 0x00, 0x00, 0x00, 0x00, 0x00, 0x00, 0x00, 0x00,
    0x00, 0x00, 0x00, 0x00, 0x00, 0x00, 0x00, 0x00, 0x00, 0x00, 0x00, 0x00, 0x00, 0x00, 0x00, 0x00,
    0x00, 0x00, 0x00, 0x00, 0x00, 0x00, 0x00, 0x00, 0x00, 0x00, 0x00, 0x00, 0x00, 0x00, 0x03, 0xfc,
    0x00, 0x00, 0x00, 0x00, 0x0f, 0xff, 0x00, 0x00, 0x00, 0x00, 0x1f, 0xff, 0x80, 0x00, 0x00, 0x00,
    0x3f, 0xff, 0xc0, 0x00, 0x00, 0x00, 0x7f, 0xff, 0xe0, 0x00, 0x00, 0x07, 0xff, 0xff, 0xe0, 0x00,
    0x00, 0x0f, 0xff, 0xff, 0xf0, 0x00, 0x00, 0x1f, 0xff, 0xff, 0xf0, 0x00, 0x01, 0xff, 0xff, 0xff,
    0xf8, 0x00, 0x03, 0xff, 0xff, 0xff, 0xfc, 0x00, 0x07, 0xff, 0xff, 0xff, 0xfe, 0x00, 0x0f, 0xff,
    0xff, 0xff, 0xff, 0x00, 0x0f, 0xff, 0xff, 0xff, 0xff, 0x80, 0x1f, 0xff, 0xfc, 0xff, 0xff, 0x80,
    0x1f, 0xff, 0xfc, 0x7f, 0xff, 0x80, 0x1f, 0xff, 0xf8, 0xff, 0xff, 0x80, 0x1f, 0xff, 0xf2, 0xff,
    0xff, 0x80, 0x0f, 0xff, 0xf6, 0xff, 0xff, 0x80, 0x0f, 0xff, 0xe6, 0xff, 0xff, 0x00, 0x07, 0xff,
    0xee, 0xff, 0xfe, 0x00, 0x03, 0xff, 0xcc, 0xff, 0xfc, 0x00, 0x00, 0x7f, 0x9e, 0x3f, 0xe0, 0x00,
    0x00, 0x00, 0x1f, 0x80, 0x00, 0x00, 0x00, 0x00, 0x1f, 0x80, 0x00, 0x00, 0x00, 0x00, 0x07, 0x00,
    0x00, 0x00, 0x00, 0x00, 0x07, 0x18, 0x00, 0x00, 0x00, 0x00, 0x06, 0x38, 0x00, 0x00, 0x00, 0x00,
    0x06, 0x38, 0x00, 0x00, 0x00, 0x00, 0x0c, 0x78, 0x00, 0x00, 0x00, 0x0f, 0x08, 0x70, 0x00, 0x00,
    0x00, 0x0f, 0x88, 0x20, 0x00, 0x00, 0x00, 0x1f, 0x80, 0x00, 0x00, 0x00, 0x00, 0x0f, 0x00, 0x00,
    0x00, 0x00, 0x00, 0x0f, 0x00, 0x00, 0x00, 0x00
};

// 'lightsleetshowers_day', 44x44px
const unsigned char met_bitmap_black_44x44_lightsleetshowers_day[] PROGMEM = {
    0x00, 0x00, 0x00, 0x00, 0x00, 0x00, 0x00, 0x08, 0x00, 0x00, 0x00, 0x00, 0x00, 0x0c, 0x00, 0x00,
    0x00, 0x00, 0x03, 0x1c, 0x60, 0x00, 0x00, 0x00, 0x03, 0x9e, 0xe0, 0x00, 0x00, 0x00, 0x03, 0xff,
    0xe0, 0x00, 0x00, 0x00, 0x03, 0xff, 0xe0, 0x00, 0x00, 0x00, 0x3f, 0xff, 0xfe, 0x00, 0x00, 0x00,
    0x3f, 0xff, 0xfe, 0x00, 0x00, 0x00, 0x1f, 0xff, 0xf0, 0x00, 0x00, 0x00, 0x0f, 0xff, 0xe3, 0xfc,
    0x00, 0x00, 0x0f, 0xff, 0x8f, 0xff, 0x00, 0x00, 0x3f, 0xff, 0x1f, 0xff, 0x80, 0x00, 0xff, 0xfe,
    0x3f, 0xff, 0xc0, 0x00, 0x3f, 0xf0, 0x7f, 0xff, 0xe0, 0x00, 0x0f, 0xc7, 0xff, 0xff, 0xe0, 0x00,
    0x0f, 0x8f, 0xff, 0xff, 0xf0, 0x00, 0x1c, 0x1f, 0xff, 0xff, 0xf0, 0x00, 0x31, 0xff, 0xff, 0xff,
    0xf8, 0x00, 0x23, 0xff, 0xff, 0xff, 0xfc, 0x00, 0x07, 0xff, 0xff, 0xff, 0xfe, 0x00, 0x0f, 0xff,
    0xff, 0xff, 0xff, 0x00, 0x0f, 0xff, 0xff, 0xff, 0xff, 0x80, 0x1f, 0xff, 0xff, 0xff, 0xff, 0x80,
    0x1f, 0xff, 0xff, 0xff, 0xff, 0x80, 0x1f, 0xff, 0xff, 0xff, 0xff, 0x80, 0x1f, 0xff, 0xff, 0xff,
    0xff, 0x80, 0x0f, 0xff, 0xff, 0xff, 0xff, 0x80, 0x0f, 0xff, 0xff, 0xff, 0xff, 0x00, 0x07, 0xff,
    0xff, 0xff, 0xfe, 0x00, 0x03, 0xff, 0xff, 0xff, 0xfc, 0x00, 0x00, 0x7f, 0xff, 0xff, 0xe0, 0x00,
    0x00, 0x00, 0x00, 0x00, 0x00, 0x00, 0x00, 0x00, 0x00, 0x00, 0x00, 0x00, 0x00, 0x00, 0x00, 0x00,
    0x00, 0x00, 0x00, 0x00, 0x00, 0x0c, 0x00, 0x00, 0x00, 0x00, 0x00, 0x1c, 0x00, 0x00, 0x00, 0x00,
    0x00, 0x1c, 0x00, 0x00, 0x00, 0x00, 0x00, 0x38, 0x00, 0x00, 0x00, 0x03, 0xc0, 0x38, 0x00, 0x00,
    0x00, 0x07, 0xc0, 0x10, 0x00, 0x00, 0x00, 0x07, 0xe0, 0x00, 0x00, 0x00, 0x00, 0x03, 0x80, 0x00,
    0x00, 0x00, 0x00, 0x03, 0xc0, 0x00, 0x00, 0x00
};

// 'lightsleetshowers_night', 44x44px
const unsigned char met_bitmap_black_44x44_lightsleetshowers_night[] PROGMEM = {
    0x00, 0x00, 0x00, 0x00, 0x00, 0x00, 0x00, 0x00, 0x00, 0x00, 0x00, 0x00, 0x00, 0x30, 0x00, 0x00,
    0x00, 0x00, 0x00, 0x3c, 0x00, 0x00, 0x00, 0x00, 0x00, 0x3e, 0x00, 0x00, 0x00, 0x00, 0x00, 0x1f,
    0x00, 0x00, 0x00, 0x00, 0x00, 0x1f, 0x80, 0x00, 0x00, 0x00, 0x00, 0x1f, 0x80, 0x00, 0x00, 0x00,
    0x00, 0x1f, 0xc0, 0x00, 0x00, 0x00, 0x00, 0x3f, 0xc0, 0x00, 0x00, 0x00, 0x00, 0x3f, 0xc3, 0xfc,
    0x00, 0x00, 0x00, 0x7f, 0x8f, 0xff, 0x00, 0x00, 0x00, 0x7f, 0x1f, 0xff, 0x80, 0x00, 0x01, 0xfe,
    0x3f, 0xff, 0xc0, 0x00, 0x03, 0xf0, 0x7f, 0xff, 0xe0, 0x00, 0x7f, 0xc7, 0xff, 0xff, 0xe0, 0x00,
    0x7f, 0x8f, 0xff, 0xff, 0xf0, 0x00, 0x3c, 0x1f, 0xff, 0xff, 0xf0, 0x00, 0x11, 0xff, 0xff, 0xff,
    0xf8, 0x00, 0x03, 0xff, 0xff, 0xff, 0xfc, 0x00, 0x07, 0xff, 0xff, 0xff, 0xfe, 0x00, 0x0f, 0xff,
    0xff, 0xff, 0xff, 0x00, 0x0f, 0xff, 0xff, 0xff, 0xff, 0x80, 0x1f, 0xff, 0xff, 0xff, 0xff, 0x80,
    0x1f, 0xff, 0xff, 0xff, 0xff, 0x80, 0x1f, 0xff, 0xff, 0xff, 0xff, 0x80, 0x1f, 0xff, 0xff, 0xff,
    0xff, 0x80, 0x0f, 0xff, 0xff, 0xff, 0xff, 0x80, 0x0f, 0xff, 0xff, 0xff, 0xff, 0x00, 0x07, 0xff,
    0xff, 0xff, 0xfe, 0x00, 0x03, 0xff, 0xff, 0xff, 0xfc, 0x00, 0x00, 0x7f, 0xff, 0xff, 0xe0, 0x00,
    0x00, 0x00, 0x00, 0x00, 0x00, 0x00, 0x00, 0x00, 0x00, 0x00, 0x00, 0x00, 0x00, 0x00, 0x00, 0x00,
    0x00, 0x00, 0x00, 0x00, 0x00, 0x0c, 0x00, 0x00, 0x00, 0x00, 0x00, 0x1c, 0x00, 0x00, 0x00, 0x00,
    0x00, 0x1c, 0x00, 0x00, 0x00, 0x00, 0x00, 0x38, 0x00, 0x00, 0x00, 0x03, 0xc0, 0x38, 0x00, 0x00,
    0x00, 0x07, 0xc0, 0x10, 0x00, 0x00, 0x00, 0x07, 0xe0, 0x00, 0x00, 0x00, 0x00, 0x03, 0x80, 0x00,
    0x00, 0x00, 0x00, 0x03, 0xc0, 0x00, 0x00, 0x00
};

// 'lightsleetshowers_polartwilight', 44x44px
const unsigned char met_bitmap_black_44x44_lightsleetshowers_polartwilight[] PROGMEM = {
    0x00, 0x00, 0x00, 0x00, 0x00, 0x00, 0x00, 0x00, 0x00, 0x00, 0x00, 0x00, 0x00, 0x00, 0x00, 0x00,
    0x00, 0x00, 0x00, 0x00, 0x00, 0x00, 0x00, 0x00, 0x00, 0x00, 0x00, 0x00, 0x00, 0x00, 0x00, 0x00,
    0x00, 0x00, 0x00, 0x00, 0x00, 0x00, 0x00, 0x00, 0x00, 0x00, 0x00, 0x00, 0x00, 0x00, 0x00, 0x00,
    0xff, 0xff, 0xfc, 0x00, 0x00, 0x00, 0x3f, 0xff, 0xf0, 0x00, 0x00, 0x00, 0x07, 0xff, 0xe3, 0xfc,
    0x00, 0x00, 0x07, 0xff, 0x8f, 0xff, 0x00, 0x00, 0x0f, 0xff, 0x1f, 0xff, 0x80, 0x00, 0x0f, 0xfe,
    0x3f, 0xff, 0xc0, 0x00, 0x1f, 0xf0, 0x7f, 0xff, 0xe0, 0x00, 0x00, 0xc7, 0xff, 0xff, 0xe0, 0x00,
    0x00, 0x0f, 0xff, 0xff, 0xf0, 0x00, 0x00, 0x1f, 0xff, 0xff, 0xf0, 0x00, 0x01, 0xff, 0xff, 0xff,
    0xf8, 0x00, 0x03, 0xff, 0xff, 0xff, 0xfc, 0x00, 0x07, 0xff, 0xff, 0xff, 0xfe, 0x00, 0x0f, 0xff,
    0xff, 0xff, 0xff, 0x00, 0x0f, 0xff, 0xff, 0xff, 0xff, 0x80, 0x1f, 0xff, 0xff, 0xff, 0xff, 0x80,
    0x1f, 0xff, 0xff, 0xff, 0xff, 0x80, 0x1f, 0xff, 0xff, 0xff, 0xff, 0x80, 0x1f, 0xff, 0xff, 0xff,
    0xff, 0x80, 0x0f, 0xff, 0xff, 0xff, 0xff, 0x80, 0x0f, 0xff, 0xff, 0xff, 0xff, 0x00, 0x07, 0xff,
    0xff, 0xff, 0xfe, 0x00, 0x03, 0xff, 0xff, 0xff, 0xfc, 0x00, 0x00, 0x7f, 0xff, 0xff, 0xe0, 0x00,
    0x00, 0x00, 0x00, 0x00, 0x00, 0x00, 0x00, 0x00, 0x00, 0x00, 0x00, 0x00, 0x00, 0x00, 0x00, 0x00,
    0x00, 0x00, 0x00, 0x00, 0x00, 0x0c, 0x00, 0x00, 0x00, 0x00, 0x00, 0x1c, 0x00, 0x00, 0x00, 0x00,
    0x00, 0x1c, 0x00, 0x00, 0x00, 0x00, 0x00, 0x38, 0x00, 0x00, 0x00, 0x03, 0xc0, 0x38, 0x00, 0x00,
    0x00, 0x07, 0xc0, 0x10, 0x00, 0x00, 0x00, 0x07, 0xe0, 0x00, 0x00, 0x00, 0x00, 0x03, 0x80, 0x00,
    0x00, 0x00, 0x00, 0x03, 0xc0, 0x00, 0x00, 0x00
};

// 'lightsnow', 44x44px
const unsigned char met_bitmap_black_44x44_lightsnow[] PROGMEM = {
    0x00, 0x00, 0x00, 0x00, 0x00, 0x00, 0x00, 0x00, 0x00, 0x00, 0x00, 0x00, 0x00, 0x00, 0x00, 0x00,
    0x00, 0x00, 0x00, 0x00, 0x00, 0x00, 0x00, 0x00, 0x00, 0x00, 0x00, 0x00, 0x00, 0x00, 0x00, 0x00,
    0x00, 0x00, 0x00, 0x00, 0x00, 0x00, 0x00, 0x00, 0x00, 0x00, 0x00, 0x00, 0x00, 0x00, 0x00, 0x00,
    0x00, 0x00, 0x00, 0x00, 0x00, 0x00, 0x00, 0x00, 0x00, 0x00, 0x00, 0x00, 0x00, 0x00, 0x03, 0xfc,
    0x00, 0x00, 0x00, 0x00, 0x0f, 0xff, 0x00, 0x00, 0x00, 0x00, 0x1f, 0xff, 0x80, 0x00, 0x00, 0x00,
    0x3f, 0xff, 0xc0, 0x00, 0x00, 0x00, 0x7f, 0xff, 0xe0, 0x00, 0x00, 0x07, 0xff, 0xff, 0xe0, 0x00,
    0x00, 0x0f, 0xff, 0xff, 0xf0, 0x00, 0x00, 0x1f, 0xff, 0xff, 0xf0, 0x00, 0x01, 0xff, 0xff, 0xff,
    0xf8, 0x00, 0x03, 0xff, 0xff, 0xff, 0xfc, 0x00, 0x07, 0xff, 0xff, 0xff, 0xfe, 0x00, 0x0f, 0xff,
    0xff, 0xff, 0xff, 0x00, 0x0f, 0xff, 0xff, 0xff, 0xff, 0x80, 0x1f, 0xff, 0xff, 0xff, 0xff, 0x80,
    0x1f, 0xff, 0xff, 0xff, 0xff, 0x80, 0x1f, 0xff, 0xff, 0xff, 0xff, 0x80, 0x1f, 0xff, 0xff, 0xff,
    0xff, 0x80, 0x0f, 0xff, 0xff, 0xff, 0xff, 0x80, 0x0f, 0xff, 0xff, 0xff, 0xff, 0x00, 0x07, 0xff,
    0xff, 0xff, 0xfe, 0x00, 0x03, 0xff, 0xff, 0xff, 0xfc, 0x00, 0x00, 0x7f, 0xff, 0xff, 0xe0, 0x00,
    0x00, 0x00, 0x00, 0x00, 0x00, 0x00, 0x00, 0x00, 0x00, 0x00, 0x00, 0x00, 0x00, 0x00, 0x00, 0x00,
    0x00, 0x00, 0x00, 0x00, 0x00, 0x1c, 0x00, 0x00, 0x00, 0x00, 0x00, 0x3e, 0x00, 0x00, 0x00, 0x00,
    0x00, 0x7e, 0x00, 0x00, 0x00, 0x00, 0x00, 0x1c, 0x00, 0x00, 0x00, 0x03, 0xc0, 0x1c, 0x00, 0x00,
    0x00, 0x07, 0xc0, 0x00, 0x00, 0x00, 0x00, 0x07, 0xe0, 0x00, 0x00, 0x00, 0x00, 0x03, 0x80, 0x00,
    0x00, 0x00, 0x00, 0x03, 0xc0, 0x00, 0x00, 0x00
};

// 'lightsnowandthunder', 44x44px
const unsigned char met_bitmap_black_44x44_lightsnowandthunder[] PROGMEM = {
    0x00, 0x00, 0x00, 0x00, 0x00, 0x00, 0x00, 0x00, 0x00, 0x00, 0x00, 0x00, 0x00, 0x00, 0x00, 0x00,
    0x00, 0x00, 0x00, 0x00, 0x00, 0x00, 0x00, 0x00, 0x00, 0x00, 0x00, 0x00, 0x00, 0x00, 0x00, 0x00,
    0x00, 0x00, 0x00, 0x00, 0x00, 0x00, 0x00, 0x00, 0x00, 0x00, 0x00, 0x00, 0x00, 0x00, 0x00, 0x00,
    0x00, 0x00, 0x00, 0x00, 0x00, 0x00, 0x00, 0x00, 0x00, 0x00, 0x00, 0x00, 0x00, 0x00, 0x03, 0xfc,
    0x00, 0x00, 0x00, 0x00, 0x0f, 0xff, 0x00, 0x00, 0x00, 0x00, 0x1f, 0xff, 0x80, 0x00, 0x00, 0x00,
    0x3f, 0xff, 0xc0, 0x00, 0x00, 0x00, 0x7f, 0xff, 0xe0, 0x00, 0x00, 0x07, 0xff, 0xff, 0xe0, 0x00,
    0x00, 0x0f, 0xff, 0xff, 0xf0, 0x00, 0x00, 0x1f, 0xff, 0xff, 0xf0, 0x00, 0x01, 0xff, 0xff, 0xff,
    0xf8, 0x00, 0x03, 0xff, 0xff, 0xff, 0xfc, 0x00, 0x07, 0xff, 0xff, 0xff, 0xfe, 0x00, 0x0f, 0xff,
    0xff, 0xff, 0xff, 0x00, 0x0f, 0xff, 0xff, 0xff, 0xff, 0x80, 0x1f, 0xff, 0xfc, 0xff, 0xff, 0x80,
    0x1f, 0xff, 0xfc, 0x7f, 0xff, 0x80, 0x1f, 0xff, 0xf8, 0xff, 0xff, 0x80, 0x1f, 0xff, 0xf2, 0xff,
    0xff, 0x80, 0x0f, 0xff, 0xf6, 0xff, 0xff, 0x80, 0x0f, 0xff, 0xe6, 0xff, 0xff, 0x00, 0x07, 0xff,
    0xee, 0xff, 0xfe, 0x00, 0x03, 0xff, 0xcc, 0xff, 0xfc, 0x00, 0x00, 0x7f, 0x9e, 0x3f, 0xe0, 0x00,
    0x00, 0x00, 0x1f, 0x80, 0x00, 0x00, 0x00, 0x00, 0x1f, 0x80, 0x00, 0x00, 0x00, 0x00, 0x07, 0x00,
    0x00, 0x00, 0x00, 0x00, 0x07, 0x1c, 0x00, 0x00, 0x00, 0x00, 0x06, 0x3e, 0x00, 0x00, 0x00, 0x00,
    0x06, 0x7e, 0x00, 0x00, 0x00, 0x00, 0x0c, 0x1c, 0x00, 0x00, 0x00, 0x0f, 0x08, 0x1c, 0x00, 0x00,
    0x00, 0x0f, 0x88, 0x00, 0x00, 0x00, 0x00, 0x1f, 0x80, 0x00, 0x00, 0x00, 0x00, 0x0f, 0x00, 0x00,
    0x00, 0x00, 0x00, 0x0f, 0x00, 0x00, 0x00, 0x00
};

// 'lightsnowshowers_day', 44x44px
const unsigned char met_bitmap_black_44x44_lightsnowshowers_day[] PROGMEM = {
    0x00, 0x00, 0x00, 0x00, 0x00, 0x00, 0x00, 0x08, 0x00, 0x00, 0x00, 0x00, 0x00, 0x0c, 0x00, 0x00,
    0x00, 0x00, 0x03, 0x1c, 0x60, 0x00, 0x00, 0x00, 0x03, 0x9e, 0xe0, 0x00, 0x00, 0x00, 0x03, 0xff,
    0xe0, 0x00, 0x00, 0x00, 0x03, 0xff, 0xe0, 0x00, 0x00, 0x00, 0x3f, 0xff, 0xfe, 0x00, 0x00, 0x00,
    0x3f, 0xff, 0xfe, 0x00, 0x00, 0x00, 0x1f, 0xff, 0xf0, 0x00, 0x00, 0x00, 0x0f, 0xff, 0xe3, 0xfc,
    0x00, 0x00, 0x0f, 0xff, 0x8f, 0xff, 0x00, 0x00, 0x3f, 0xff, 0x1f, 0xff, 0x80, 0x00, 0xff, 0xfe,
    0x3f, 0xff, 0xc0, 0x00, 0x3f, 0xf0, 0x7f, 0xff, 0xe0, 0x00, 0x0f, 0xc7, 0xff, 0xff, 0xe0, 0x00,
    0x0f, 0x8f, 0xff, 0xff, 0xf0, 0x00, 0x1c, 0x1f, 0xff, 0xff, 0xf0, 0x00, 0x31, 0xff, 0xff, 0xff,
    0xf8, 0x00, 0x23, 0xff, 0xff, 0xff, 0xfc, 0x00, 0x07, 0xff, 0xff, 0xff, 0xfe, 0x00, 0x0f, 0xff,
    0xff, 0xff, 0xff, 0x00, 0x0f, 0xff, 0xff, 0xff, 0xff, 0x80, 0x1f, 0xff, 0xff, 0xff, 0xff, 0x80,
    0x1f, 0xff, 0xff, 0xff, 0xff, 0x80, 0x1f, 0xff, 0xff, 0xff, 0xff, 0x80, 0x1f, 0xff, 0xff, 0xff,
    0xff, 0x80, 0x0f, 0xff, 0xff, 0xff, 0xff, 0x80, 0x0f, 0xff, 0xff, 0xff, 0xff, 0x00, 0x07, 0xff,
    0xff, 0xff, 0xfe, 0x00, 0x03, 0xff, 0xff, 0xff, 0xfc, 0x00, 0x00, 0x7f, 0xff, 0xff, 0xe0, 0x00,
    0x00, 0x00, 0x00, 0x00, 0x00, 0x00, 0x00, 0x00, 0x00, 0x00, 0x00, 0x00, 0x00, 0x00, 0x00, 0x00,
    0x00, 0x00, 0x00, 0x00, 0x00, 0x1c, 0x00, 0x00, 0x00, 0x00, 0x00, 0x3e, 0x00, 0x00, 0x00, 0x00,
    0x00, 0x7e, 0x00, 0x00, 0x00, 0x00, 0x00, 0x1c, 0x00, 0x00, 0x00, 0x03, 0xc0, 0x1c, 0x00, 0x00,
    0x00, 0x07, 0xc0, 0x00, 0x00, 0x00, 0x00, 0x07, 0xe0, 0x00, 0x00, 0x00, 0x00, 0x03, 0x80, 0x00,
    0x00, 0x00, 0x00, 0x03, 0xc0, 0x00, 0x00, 0x00
};

// 'lightsnowshowers_night', 44x44px
const unsigned char met_bitmap_black_44x44_lightsnowshowers_night[] PROGMEM = {
    0x00, 0x00, 0x00, 0x00, 0x00, 0x00, 0x00, 0x00, 0x00, 0x00, 0x00, 0x00, 0x00, 0x30, 0x00, 0x00,
    0x00, 0x00, 0x00, 0x3c, 0x00, 0x00, 0x00, 0x00, 0x00, 0x3e, 0x00, 0x00, 0x00, 0x00, 0x00, 0x1f,
    0x00, 0x00, 0x00, 0x00, 0x00, 0x1f, 0x80, 0x00, 0x00, 0x00, 0x00, 0x1f, 0x80, 0x00, 0x00, 0x00,
    0x00, 0x1f, 0xc0, 0x00, 0x00, 0x00, 0x00, 0x3f, 0xc0, 0x00, 0x00, 0x00, 0x00, 0x3f, 0xc3, 0xfc,
    0x00, 0x00, 0x00, 0x7f, 0x8f, 0xff, 0x00, 0x00, 0x00, 0x7f, 0x1f, 0xff, 0x80, 0x00, 0x01, 0xfe,
    0x3f, 0xff, 0xc0, 0x00, 0x03, 0xf0, 0x7f, 0xff, 0xe0, 0x00, 0x7f, 0xc7, 0xff, 0xff, 0xe0, 0x00,
    0x7f, 0x8f, 0xff, 0xff, 0xf0, 0x00, 0x3c, 0x1f, 0xff, 0xff, 0xf0, 0x00, 0x11, 0xff, 0xff, 0xff,
    0xf8, 0x00, 0x03, 0xff, 0xff, 0xff, 0xfc, 0x00, 0x07, 0xff, 0xff, 0xff, 0xfe, 0x00, 0x0f, 0xff,
    0xff, 0xff, 0xff, 0x00, 0x0f, 0xff, 0xff, 0xff, 0xff, 0x80, 0x1f, 0xff, 0xff, 0xff, 0xff, 0x80,
    0x1f, 0xff, 0xff, 0xff, 0xff, 0x80, 0x1f, 0xff, 0xff, 0xff, 0xff, 0x80, 0x1f, 0xff, 0xff, 0xff,
    0xff, 0x80, 0x0f, 0xff, 0xff, 0xff, 0xff, 0x80, 0x0f, 0xff, 0xff, 0xff, 0xff, 0x00, 0x07, 0xff,
    0xff, 0xff, 0xfe, 0x00, 0x03, 0xff, 0xff, 0xff, 0xfc, 0x00, 0x00, 0x7f, 0xff, 0xff, 0xe0, 0x00,
    0x00, 0x00, 0x00, 0x00, 0x00, 0x00, 0x00, 0x00, 0x00, 0x00, 0x00, 0x00, 0x00, 0x00, 0x00, 0x00,
    0x00, 0x00, 0x00, 0x00, 0x00, 0x1c, 0x00, 0x00, 0x00, 0x00, 0x00, 0x3e, 0x00, 0x00, 0x00, 0x00,
    0x00, 0x7e, 0x00, 0x00, 0x00, 0x00, 0x00, 0x1c, 0x00, 0x00, 0x00, 0x03, 0xc0, 0x1c, 0x00, 0x00,
    0x00, 0x07, 0xc0, 0x00, 0x00, 0x00, 0x00, 0x07, 0xe0, 0x00, 0x00, 0x00, 0x00, 0x03, 0x80, 0x00,
    0x00, 0x00, 0x00, 0x03, 0xc0, 0x00, 0x00, 0x00
};

// 'lightsnowshowers_polartwilight', 44x44px
const unsigned char met_bitmap_black_44x44_lightsnowshowers_polartwilight[] PROGMEM = {
    0x00, 0x00, 0x00, 0x00, 0x00, 0x00, 0x00, 0x00, 0x00, 0x00, 0x00, 0x00, 0x00, 0x00, 0x00, 0x00,
    0x00, 0x00, 0x00, 0x00, 0x00, 0x00, 0x00, 0x00, 0x00, 0x00, 0x00, 0x00, 0x00, 0x00, 0x00, 0x00,
    0x00, 0x00, 0x00, 0x00, 0x00, 0x00, 0x00, 0x00, 0x00, 0x00, 0x00, 0x00, 0x00, 0x00, 0x00, 0x00,
    0xff, 0xff, 0xfc, 0x00, 0x00, 0x00, 0x3f, 0xff, 0xf0, 0x00, 0x00, 0x00, 0x07, 0xff, 0xe3, 0xfc,
    0x00, 0x00, 0x07, 0xff, 0x8f, 0xff, 0x00, 0x00, 0x0f, 0xff, 0x1f, 0xff, 0x80, 0x00, 0x0f, 0xfe,
    0x3f, 0xff, 0xc0, 0x00, 0x1f, 0xf0, 0x7f, 0xff, 0xe0, 0x00, 0x00, 0xc7, 0xff, 0xff, 0xe0, 0x00,
    0x00, 0x0f, 0xff, 0xff, 0xf0, 0x00, 0x00, 0x1f, 0xff, 0xff, 0xf0, 0x00, 0x01, 0xff, 0xff, 0xff,
    0xf8, 0x00, 0x03, 0xff, 0xff, 0xff, 0xfc, 0x00, 0x07, 0xff, 0xff, 0xff, 0xfe, 0x00, 0x0f, 0xff,
    0xff, 0xff, 0xff, 0x00, 0x0f, 0xff, 0xff, 0xff, 0xff, 0x80, 0x1f, 0xff, 0xff, 0xff, 0xff, 0x80,
    0x1f, 0xff, 0xff, 0xff, 0xff, 0x80, 0x1f, 0xff, 0xff, 0xff, 0xff, 0x80, 0x1f, 0xff, 0xff, 0xff,
    0xff, 0x80, 0x0f, 0xff, 0xff, 0xff, 0xff, 0x80, 0x0f, 0xff, 0xff, 0xff, 0xff, 0x00, 0x07, 0xff,
    0xff, 0xff, 0xfe, 0x00, 0x03, 0xff, 0xff, 0xff, 0xfc, 0x00, 0x00, 0x7f, 0xff, 0xff, 0xe0, 0x00,
    0x00, 0x00, 0x00, 0x00, 0x00, 0x00, 0x00, 0x00, 0x00, 0x00, 0x00, 0x00, 0x00, 0x00, 0x00, 0x00,
    0x00, 0x00, 0x00, 0x00, 0x00, 0x1c, 0x00, 0x00, 0x00, 0x00, 0x00, 0x3e, 0x00, 0x00, 0x00, 0x00,
    0x00, 0x7e, 0x00, 0x00, 0x00, 0x00, 0x00, 0x1c, 0x00, 0x00, 0x00, 0x03, 0xc0, 0x1c, 0x00, 0x00,
    0x00, 0x07, 0xc0, 0x00, 0x00, 0x00, 0x00, 0x07, 0xe0, 0x00, 0x00, 0x00, 0x00, 0x03, 0x80, 0x00,
    0x00, 0x00, 0x00, 0x03, 0xc0, 0x00, 0x00, 0x00
};

// 'lightssleetshowersandthunder_day', 44x44px
const unsigned char met_bitmap_black_44x44_lightssleetshowersandthunder_day[] PROGMEM = {
    0x00, 0x00, 0x00, 0x00, 0x00, 0x00, 0x00, 0x08, 0x00, 0x00, 0x00, 0x00, 0x00, 0x0c, 0x00, 0x00,
    0x00, 0x00, 0x03, 0x1c, 0x60, 0x00, 0x00, 0x00, 0x03, 0x9e, 0xe0, 0x00, 0x00, 0x00, 0x03, 0xff,
    0xe0, 0x00, 0x00, 0x00, 0x03, 0xff, 0xe0, 0x00, 0x00, 0x00, 0x3f, 0xff, 0xfe, 0x00, 0x00, 0x00,
    0x3f, 0xff, 0xfe, 0x00, 0x00, 0x00, 0x1f, 0xff, 0xf0, 0x00, 0x00, 0x00, 0x0f, 0xff, 0xe3, 0xfc,
    0x00, 0x00, 0x0f, 0xff, 0x8f, 0xff, 0x00, 0x00, 0x3f, 0xff, 0x1f, 0xff, 0x80, 0x00, 0xff, 0xfe,
    0x3f, 0xff, 0xc0, 0x00, 0x3f, 0xf0, 0x7f, 0xff, 0xe0, 0x00, 0x0f, 0xc7, 0xff, 0xff, 0xe0, 0x00,
    0x0f, 0x8f, 0xff, 0xff, 0xf0, 0x00, 0x1c, 0x1f, 0xff, 0xff, 0xf0, 0x00, 0x31, 0xff, 0xff, 0xff,
    0xf8, 0x00, 0x23, 0xff, 0xff, 0xff, 0xfc, 0x00, 0x07, 0xff, 0xff, 0xff, 0xfe, 0x00, 0x0f, 0xff,
    0xff, 0xff, 0xff, 0x00, 0x0f, 0xff, 0xff, 0xff, 0xff, 0x80, 0x1f, 0xff, 0xfc, 0xff, 0xff, 0x80,
    0x1f, 0xff, 0xfc, 0x7f, 0xff, 0x80, 0x1f, 0xff, 0xf8, 0xff, 0xff, 0x80, 0x1f, 0xff, 0xf2, 0xff,
    0xff, 0x80, 0x0f, 0xff, 0xf6, 0xff, 0xff, 0x80, 0x0f, 0xff, 0xe6, 0xff, 0xff, 0x00, 0x07, 0xff,
    0xee, 0xff, 0xfe, 0x00, 0x03, 0xff, 0xcc, 0xff, 0xfc, 0x00, 0x00, 0x7f, 0x9e, 0x3f, 0xe0, 0x00,
    0x00, 0x00, 0x1f, 0x80, 0x00, 0x00, 0x00, 0x00, 0x1f, 0x80, 0x00, 0x00, 0x00, 0x00, 0x07, 0x00,
    0x00, 0x00, 0x00, 0x00, 0x07, 0x18, 0x00, 0x00, 0x00, 0x00, 0x06, 0x38, 0x00, 0x00, 0x00, 0x00,
    0x06, 0x38, 0x00, 0x00, 0x00, 0x00, 0x0c, 0x78, 0x00, 0x00, 0x00, 0x0f, 0x08, 0x70, 0x00, 0x00,
    0x00, 0x0f, 0x88, 0x20, 0x00, 0x00, 0x00, 0x1f, 0x80, 0x00, 0x00, 0x00, 0x00, 0x0f, 0x00, 0x00,
    0x00, 0x00, 0x00, 0x0f, 0x00, 0x00, 0x00, 0x00
};

// 'lightssleetshowersandthunder_night', 44x44px
const unsigned char met_bitmap_black_44x44_lightssleetshowersandthunder_night[] PROGMEM = {
    0x00, 0x00, 0x00, 0x00, 0x00, 0x00, 0x00, 0x00, 0x00, 0x00, 0x00, 0x00, 0x00, 0x30, 0x00, 0x00,
    0x00, 0x00, 0x00, 0x3c, 0x00, 0x00, 0x00, 0x00, 0x00, 0x3e, 0x00, 0x00, 0x00, 0x00, 0x00, 0x1f,
    0x00, 0x00, 0x00, 0x00, 0x00, 0x1f, 0x80, 0x00, 0x00, 0x00, 0x00, 0x1f, 0x80, 0x00, 0x00, 0x00,
    0x00, 0x1f, 0xc0, 0x00, 0x00, 0x00, 0x00, 0x3f, 0xc0, 0x00, 0x00, 0x00, 0x00, 0x3f, 0xc3, 0xfc,
    0x00, 0x00, 0x00, 0x7f, 0x8f, 0xff, 0x00, 0x00, 0x00, 0x7f, 0x1f, 0xff, 0x80, 0x00, 0x01, 0xfe,
    0x3f, 0xff, 0xc0, 0x00, 0x03, 0xf0, 0x7f, 0xff, 0xe0, 0x00, 0x7f, 0xc7, 0xff, 0xff, 0xe0, 0x00,
    0x7f, 0x8f, 0xff, 0xff, 0xf0, 0x00, 0x3c, 0x1f, 0xff, 0xff, 0xf0, 0x00, 0x11, 0xff, 0xff, 0xff,
    0xf8, 0x00, 0x03, 0xff, 0xff, 0xff, 0xfc, 0x00, 0x07, 0xff, 0xff, 0xff, 0xfe, 0x00, 0x0f, 0xff,
    0xff, 0xff, 0xff, 0x00, 0x0f, 0xff, 0xff, 0xff, 0xff, 0x80, 0x1f, 0xff, 0xfc, 0xff, 0xff, 0x80,
    0x1f, 0xff, 0xfc, 0x7f, 0xff, 0x80, 0x1f, 0xff, 0xf8, 0xff, 0xff, 0x80, 0x1f, 0xff, 0xf2, 0xff,
    0xff, 0x80, 0x0f, 0xff, 0xf6, 0xff, 0xff, 0x80, 0x0f, 0xff, 0xe6, 0xff, 0xff, 0x00, 0x07, 0xff,
    0xee, 0xff, 0xfe, 0x00, 0x03, 0xff, 0xcc, 0xff, 0xfc, 0x00, 0x00, 0x7f, 0x9e, 0x3f, 0xe0, 0x00,
    0x00, 0x00, 0x1f, 0x80, 0x00, 0x00, 0x00, 0x00, 0x1f, 0x80, 0x00, 0x00, 0x00, 0x00, 0x07, 0x00,
    0x00, 0x00, 0x00, 0x00, 0x07, 0x18, 0x00, 0x00, 0x00, 0x00, 0x06, 0x38, 0x00, 0x00, 0x00, 0x00,
    0x06, 0x38, 0x00, 0x00, 0x00, 0x00, 0x0c, 0x78, 0x00, 0x00, 0x00, 0x0f, 0x08, 0x70, 0x00, 0x00,
    0x00, 0x0f, 0x88, 0x20, 0x00, 0x00, 0x00, 0x1f, 0x80, 0x00, 0x00, 0x00, 0x00, 0x0f, 0x00, 0x00,
    0x00, 0x00, 0x00, 0x0f, 0x00, 0x00, 0x00, 0x00
};

// 'lightssleetshowersandthunder_polartwilight', 44x44px
const unsigned char met_bitmap_black_44x44_lightssleetshowersandthunder_polartwilight[] PROGMEM = {
    0x00, 0x00, 0x00, 0x00, 0x00, 0x00, 0x00, 0x00, 0x00, 0x00, 0x00, 0x00, 0x00, 0x00, 0x00, 0x00,
    0x00, 0x00, 0x00, 0x00, 0x00, 0x00, 0x00, 0x00, 0x00, 0x00, 0x00, 0x00, 0x00, 0x00, 0x00, 0x00,
    0x00, 0x00, 0x00, 0x00, 0x00, 0x00, 0x00, 0x00, 0x00, 0x00, 0x00, 0x00, 0x00, 0x00, 0x00, 0x00,
    0xff, 0xff, 0xfc, 0x00, 0x00, 0x00, 0x3f, 0xff, 0xf0, 0x00, 0x00, 0x00, 0x07, 0xff, 0xe3, 0xfc,
    0x00, 0x00, 0x07, 0xff, 0x8f, 0xff, 0x00, 0x00, 0x0f, 0xff, 0x1f, 0xff, 0x80, 0x00, 0x0f, 0xfe,
    0x3f, 0xff, 0xc0, 0x00, 0x1f, 0xf0, 0x7f, 0xff, 0xe0, 0x00, 0x00, 0xc7, 0xff, 0xff, 0xe0, 0x00,
    0x00, 0x0f, 0xff, 0xff, 0xf0, 0x00, 0x00, 0x1f, 0xff, 0xff, 0xf0, 0x00, 0x01, 0xff, 0xff, 0xff,
    0xf8, 0x00, 0x03, 0xff, 0xff, 0xff, 0xfc, 0x00, 0x07, 0xff, 0xff, 0xff, 0xfe, 0x00, 0x0f, 0xff,
    0xff, 0xff, 0xff, 0x00, 0x0f, 0xff, 0xff, 0xff, 0xff, 0x80, 0x1f, 0xff, 0xfc, 0xff, 0xff, 0x80,
    0x1f, 0xff, 0xfc, 0x7f, 0xff, 0x80, 0x1f, 0xff, 0xf8, 0xff, 0xff, 0x80, 0x1f, 0xff, 0xf2, 0xff,
    0xff, 0x80, 0x0f, 0xff, 0xf6, 0xff, 0xff, 0x80, 0x0f, 0xff, 0xe6, 0xff, 0xff, 0x00, 0x07, 0xff,
    0xee, 0xff, 0xfe, 0x00, 0x03, 0xff, 0xcc, 0xff, 0xfc, 0x00, 0x00, 0x7f, 0x9e, 0x3f, 0xe0, 0x00,
    0x00, 0x00, 0x1f, 0x80, 0x00, 0x00, 0x00, 0x00, 0x1f, 0x80, 0x00, 0x00, 0x00, 0x00, 0x07, 0x00,
    0x00, 0x00, 0x00, 0x00, 0x07, 0x18, 0x00, 0x00, 0x00, 0x00, 0x06, 0x38, 0x00, 0x00, 0x00, 0x00,
    0x06, 0x38, 0x00, 0x00, 0x00, 0x00, 0x0c, 0x78, 0x00, 0x00, 0x00, 0x0f, 0x08, 0x70, 0x00, 0x00,
    0x00, 0x0f, 0x88, 0x20, 0x00, 0x00, 0x00, 0x1f, 0x80, 0x00, 0x00, 0x00, 0x00, 0x0f, 0x00, 0x00,
    0x00, 0x00, 0x00, 0x0f, 0x00, 0x00, 0x00, 0x00
};

// 'lightssnowshowersandthunder_day', 44x44px
const unsigned char met_bitmap_black_44x44_lightssnowshowersandthunder_day[] PROGMEM = {
    0x00, 0x00, 0x00, 0x00, 0x00, 0x00, 0x00, 0x08, 0x00, 0x00, 0x00, 0x00, 0x00, 0x0c, 0x00, 0x00,
    0x00, 0x00, 0x03, 0x1c, 0x60, 0x00, 0x00, 0x00, 0x03, 0x9e, 0xe0, 0x00, 0x00, 0x00, 0x03, 0xff,
    0xe0, 0x00, 0x00, 0x00, 0x03, 0xff, 0xe0, 0x00, 0x00, 0x00, 0x3f, 0xff, 0xfe, 0x00, 0x00, 0x00,
    0x3f, 0xff, 0xfe, 0x00, 0x00, 0x00, 0x1f, 0xff, 0xf0, 0x00, 0x00, 0x00, 0x0f, 0xff, 0xe3, 0xfc,
    0x00, 0x00, 0x0f, 0xff, 0x8f, 0xff, 0x00, 0x00, 0x3f, 0xff, 0x1f, 0xff, 0x80, 0x00, 0xff, 0xfe,
    0x3f, 0xff, 0xc0, 0x00, 0x3f, 0xf0, 0x7f, 0xff, 0xe0, 0x00, 0x0f, 0xc7, 0xff, 0xff, 0xe0, 0x00,
    0x0f, 0x8f, 0xff, 0xff, 0xf0, 0x00, 0x1c, 0x1f, 0xff, 0xff, 0xf0, 0x00, 0x31, 0xff, 0xff, 0xff,
    0xf8, 0x00, 0x23, 0xff, 0xff, 0xff, 0xfc, 0x00, 0x07, 0xff, 0xff, 0xff, 0xfe, 0x00, 0x0f, 0xff,
    0xff, 0xff, 0xff, 0x00, 0x0f, 0xff, 0xff, 0xff, 0xff, 0x80, 0x1f, 0xff, 0xfc, 0xff, 0xff, 0x80,
    0x1f, 0xff, 0xfc, 0x7f, 0xff, 0x80, 0x1f, 0xff, 0xf8, 0xff, 0xff, 0x80, 0x1f, 0xff, 0xf2, 0xff,
    0xff, 0x80, 0x0f, 0xff, 0xf6, 0xff, 0xff, 0x80, 0x0f, 0xff, 0xe6, 0xff, 0xff, 0x00, 0x07, 0xff,
    0xee, 0xff, 0xfe, 0x00, 0x03, 0xff, 0xcc, 0xff, 0xfc, 0x00, 0x00, 0x7f, 0x9e, 0x3f, 0xe0, 0x00,
    0x00, 0x00, 0x1f, 0x80, 0x00, 0x00, 0x00, 0x00, 0x1f, 0x80, 0x00, 0x00, 0x00, 0x00, 0x07, 0x00,
    0x00, 0x00, 0x00, 0x00, 0x07, 0x1c, 0x00, 0x00, 0x00, 0x00, 0x06, 0x3e, 0x00, 0x00, 0x00, 0x00,
    0x06, 0x7e, 0x00, 0x00, 0x00, 0x00, 0x0c, 0x1c, 0x00, 0x00, 0x00, 0x0f, 0x08, 0x1c, 0x00, 0x00,
    0x00, 0x0f, 0x88, 0x00, 0x00, 0x00, 0x00, 0x1f, 0x80, 0x00, 0x00, 0x00, 0x00, 0x0f, 0x00, 0x00,
    0x00, 0x00, 0x00, 0x0f, 0x00, 0x00, 0x00, 0x00
};

// 'lightssnowshowersandthunder_night', 44x44px
const unsigned char met_bitmap_black_44x44_lightssnowshowersandthunder_night[] PROGMEM = {
    0x00, 0x00, 0x00, 0x00, 0x00, 0x00, 0x00, 0x00, 0x00, 0x00, 0x00, 0x00, 0x00, 0x30, 0x00, 0x00,
    0x00, 0x00, 0x00, 0x3c, 0x00, 0x00, 0x00, 0x00, 0x00, 0x3e, 0x00, 0x00, 0x00, 0x00, 0x00, 0x1f,
    0x00, 0x00, 0x00, 0x00, 0x00, 0x1f, 0x80, 0x00, 0x00, 0x00, 0x00, 0x1f, 0x80, 0x00, 0x00, 0x00,
    0x00, 0x1f, 0xc0, 0x00, 0x00, 0x00, 0x00, 0x3f, 0xc0, 0x00, 0x00, 0x00, 0x00, 0x3f, 0xc3, 0xfc,
    0x00, 0x00, 0x00, 0x7f, 0x8f, 0xff, 0x00, 0x00, 0x00, 0x7f, 0x1f, 0xff, 0x80, 0x00, 0x01, 0xfe,
    0x3f, 0xff, 0xc0, 0x00, 0x03, 0xf0, 0x7f, 0xff, 0xe0, 0x00, 0x7f, 0xc7, 0xff, 0xff, 0xe0, 0x00,
    0x7f, 0x8f, 0xff, 0xff, 0xf0, 0x00, 0x3c, 0x1f, 0xff, 0xff, 0xf0, 0x00, 0x11, 0xff, 0xff, 0xff,
    0xf8, 0x00, 0x03, 0xff, 0xff, 0xff, 0xfc, 0x00, 0x07, 0xff, 0xff, 0xff, 0xfe, 0x00, 0x0f, 0xff,
    0xff, 0xff, 0xff, 0x00, 0x0f, 0xff, 0xff, 0xff, 0xff, 0x80, 0x1f, 0xff, 0xfc, 0xff, 0xff, 0x80,
    0x1f, 0xff, 0xfc, 0x7f, 0xff, 0x80, 0x1f, 0xff, 0xf8, 0xff, 0xff, 0x80, 0x1f, 0xff, 0xf2, 0xff,
    0xff, 0x80, 0x0f, 0xff, 0xf6, 0xff, 0xff, 0x80, 0x0f, 0xff, 0xe6, 0xff, 0xff, 0x00, 0x07, 0xff,
    0xee, 0xff, 0xfe, 0x00, 0x03, 0xff, 0xcc, 0xff, 0xfc, 0x00, 0x00, 0x7f, 0x9e, 0x3f, 0xe0, 0x00,
    0x00, 0x00, 0x1f, 0x80, 0x00, 0x00, 0x00, 0x00, 0x1f, 0x80, 0x00, 0x00, 0x00, 0x00, 0x07, 0x00,
    0x00, 0x00, 0x00, 0x00, 0x07, 0x1c, 0x00, 0x00, 0x00, 0x00, 0x06, 0x3e, 0x00, 0x00, 0x00, 0x00,
    0x06, 0x7e, 0x00, 0x00, 0x00, 0x00, 0x0c, 0x1c, 0x00, 0x00, 0x00, 0x0f, 0x08, 0x1c, 0x00, 0x00,
    0x00, 0x0f, 0x88, 0x00, 0x00, 0x00, 0x00, 0x1f, 0x80, 0x00, 0x00, 0x00, 0x00, 0x0f, 0x00, 0x00,
    0x00, 0x00, 0x00, 0x0f, 0x00, 0x00, 0x00, 0x00
};

// 'lightssnowshowersandthunder_polartwilight', 44x44px
const unsigned char met_bitmap_black_44x44_lightssnowshowersandthunder_polartwilight[] PROGMEM = {
    0x00, 0x00, 0x00, 0x00, 0x00, 0x00, 0x00, 0x00, 0x00, 0x00, 0x00, 0x00, 0x00, 0x00, 0x00, 0x00,
    0x00, 0x00, 0x00, 0x00, 0x00, 0x00, 0x00, 0x00, 0x00, 0x00, 0x00, 0x00, 0x00, 0x00, 0x00, 0x00,
    0x00, 0x00, 0x00, 0x00, 0x00, 0x00, 0x00, 0x00, 0x00, 0x00, 0x00, 0x00, 0x00, 0x00, 0x00, 0x00,
    0xff, 0xff, 0xfc, 0x00, 0x00, 0x00, 0x3f, 0xff, 0xf0, 0x00, 0x00, 0x00, 0x07, 0xff, 0xe3, 0xfc,
    0x00, 0x00, 0x07, 0xff, 0x8f, 0xff, 0x00, 0x00, 0x0f, 0xff, 0x1f, 0xff, 0x80, 0x00, 0x0f, 0xfe,
    0x3f, 0xff, 0xc0, 0x00, 0x1f, 0xf0, 0x7f, 0xff, 0xe0, 0x00, 0x00, 0xc7, 0xff, 0xff, 0xe0, 0x00,
    0x00, 0x0f, 0xff, 0xff, 0xf0, 0x00, 0x00, 0x1f, 0xff, 0xff, 0xf0, 0x00, 0x01, 0xff, 0xff, 0xff,
    0xf8, 0x00, 0x03, 0xff, 0xff, 0xff, 0xfc, 0x00, 0x07, 0xff, 0xff, 0xff, 0xfe, 0x00, 0x0f, 0xff,
    0xff, 0xff, 0xff, 0x00, 0x0f, 0xff, 0xff, 0xff, 0xff, 0x80, 0x1f, 0xff, 0xfc, 0xff, 0xff, 0x80,
    0x1f, 0xff, 0xfc, 0x7f, 0xff, 0x80, 0x1f, 0xff, 0xf8, 0xff, 0xff, 0x80, 0x1f, 0xff, 0xf2, 0xff,
    0xff, 0x80, 0x0f, 0xff, 0xf6, 0xff, 0xff, 0x80, 0x0f, 0xff, 0xe6, 0xff, 0xff, 0x00, 0x07, 0xff,
    0xee, 0xff, 0xfe, 0x00, 0x03, 0xff, 0xcc, 0xff, 0xfc, 0x00, 0x00, 0x7f, 0x9e, 0x3f, 0xe0, 0x00,
    0x00, 0x00, 0x1f, 0x80, 0x00, 0x00, 0x00, 0x00, 0x1f, 0x80, 0x00, 0x00, 0x00, 0x00, 0x07, 0x00,
    0x00, 0x00, 0x00, 0x00, 0x07, 0x1c, 0x00, 0x00, 0x00, 0x00, 0x06, 0x3e, 0x00, 0x00, 0x00, 0x00,
    0x06, 0x7e, 0x00, 0x00, 0x00, 0x00, 0x0c, 0x1c, 0x00, 0x00, 0x00, 0x0f, 0x08, 0x1c, 0x00, 0x00,
    0x00, 0x0f, 0x88, 0x00, 0x00, 0x00, 0x00, 0x1f, 0x80, 0x00, 0x00, 0x00, 0x00, 0x0f, 0x00, 0x00,
    0x00, 0x00, 0x00, 0x0f, 0x00, 0x00, 0x00, 0x00
};

// 'partlycloudy_day', 44x44px
const unsigned char met_bitmap_black_44x44_partlycloudy_day[] PROGMEM = {
    0x00, 0x00, 0x00, 0x00, 0x00, 0x00, 0x00, 0x08, 0x00, 0x00, 0x00, 0x00, 0x00, 0x0c, 0x00, 0x00,
    0x00, 0x00, 0x03, 0x1c, 0x60, 0x00, 0x00, 0x00, 0x03, 0x9e, 0xe0, 0x00, 0x00, 0x00, 0x03, 0xff,
    0xe0, 0x00, 0x00, 0x00, 0x03, 0xff, 0xe0, 0x00, 0x00, 0x00, 0x3f, 0xff, 0xfe, 0x00, 0x00, 0x00,
    0x3f, 0xff, 0xfe, 0x00, 0x00, 0x00, 0x1f, 0xff, 0xf0, 0x00, 0x00, 0x00, 0x0f, 0xff, 0xe3, 0xfc,
    0x00, 0x00, 0x0f, 0xff, 0x8f, 0xff, 0x00, 0x00, 0x3f, 0xff, 0x1f, 0xff, 0x80, 0x00, 0xff, 0xfe,
    0x3f, 0xff, 0xc0, 0x00, 0x3f, 0xf0, 0x7f, 0xff, 0xe0, 0x00, 0x0f, 0xc7, 0xff, 0xff, 0xe0, 0x00,
    0x0f, 0x8f, 0xff, 0xff, 0xf0, 0x00, 0x1c, 0x1f, 0xff, 0xff, 0xf0, 0x00, 0x31, 0xff, 0xff, 0xff,
    0xf8, 0x00, 0x23, 0xff, 0xff, 0xff, 0xfc, 0x00, 0x07, 0xff, 0xff, 0xff, 0xfe, 0x00, 0x0f, 0xff,
    0xff, 0xff, 0xff, 0x00, 0x0f, 0xff, 0xff, 0xff, 0xff, 0x80, 0x1f, 0xff, 0xff, 0xff, 0xff, 0x80,
    0x1f, 0xff, 0xff, 0xff, 0xff, 0x80, 0x1f, 0xff, 0xff, 0xff, 0xff, 0x80, 0x1f, 0xff, 0xff, 0xff,
    0xff, 0x80, 0x0f, 0xff, 0xff, 0xff, 0xff, 0x80, 0x0f, 0xff, 0xff, 0xff, 0xff, 0x00, 0x07, 0xff,
    0xff, 0xff, 0xfe, 0x00, 0x03, 0xff, 0xff, 0xff, 0xfc, 0x00, 0x00, 0x7f, 0xff, 0xff, 0xe0, 0x00,
    0x00, 0x00, 0x00, 0x00, 0x00, 0x00, 0x00, 0x00, 0x00, 0x00, 0x00, 0x00, 0x00, 0x00, 0x00, 0x00,
    0x00, 0x00, 0x00, 0x00, 0x00, 0x00, 0x00, 0x00, 0x00, 0x00, 0x00, 0x00, 0x00, 0x00, 0x00, 0x00,
    0x00, 0x00, 0x00, 0x00, 0x00, 0x00, 0x00, 0x00, 0x00, 0x00, 0x00, 0x00, 0x00, 0x00, 0x00, 0x00,
    0x00, 0x00, 0x00, 0x00, 0x00, 0x00, 0x00, 0x00, 0x00, 0x00, 0x00, 0x00, 0x00, 0x00, 0x00, 0x00,
    0x00, 0x00, 0x00, 0x00, 0x00, 0x00, 0x00, 0x00
};

// 'partlycloudy_night', 44x44px
const unsigned char met_bitmap_black_44x44_partlycloudy_night[] PROGMEM = {
    0x00, 0x00, 0x00, 0x00, 0x00, 0x00, 0x00, 0x00, 0x00, 0x00, 0x00, 0x00, 0x00, 0x30, 0x00, 0x00,
    0x00, 0x00, 0x00, 0x3c, 0x00, 0x00, 0x00, 0x00, 0x00, 0x3e, 0x00, 0x00, 0x00, 0x00, 0x00, 0x1f,
    0x00, 0x00, 0x00, 0x00, 0x00, 0x1f, 0x80, 0x00, 0x00, 0x00, 0x00, 0x1f, 0x80, 0x00, 0x00, 0x00,
    0x00, 0x1f, 0xc0, 0x00, 0x00, 0x00, 0x00, 0x3f, 0xc0, 0x00, 0x00, 0x00, 0x00, 0x3f, 0xc3, 0xfc,
    0x00, 0x00, 0x00, 0x7f, 0x8f, 0xff, 0x00, 0x00, 0x00, 0x7f, 0x1f, 0xff, 0x80, 0x00, 0x01, 0xfe,
    0x3f, 0xff, 0xc0, 0x00, 0x03, 0xf0, 0x7f, 0xff, 0xe0, 0x00, 0x7f, 0xc7, 0xff, 0xff, 0xe0, 0x00,
    0x7f, 0x8f, 0xff, 0xff, 0xf0, 0x00, 0x3c, 0x1f, 0xff, 0xff, 0xf0, 0x00, 0x11, 0xff, 0xff, 0xff,
    0xf8, 0x00, 0x03, 0xff, 0xff, 0xff, 0xfc, 0x00, 0x07, 0xff, 0xff, 0xff, 0xfe, 0x00, 0x0f, 0xff,
    0xff, 0xff, 0xff, 0x00, 0x0f, 0xff, 0xff, 0xff, 0xff, 0x80, 0x1f, 0xff, 0xff, 0xff, 0xff, 0x80,
    0x1f, 0xff, 0xff, 0xff, 0xff, 0x80, 0x1f, 0xff, 0xff, 0xff, 0xff, 0x80, 0x1f, 0xff, 0xff, 0xff,
    0xff, 0x80, 0x0f, 0xff, 0xff, 0xff, 0xff, 0x80, 0x0f, 0xff, 0xff, 0xff, 0xff, 0x00, 0x07, 0xff,
    0xff, 0xff, 0xfe, 0x00, 0x03, 0xff, 0xff, 0xff, 0xfc, 0x00, 0x00, 0x7f, 0xff, 0xff, 0xe0, 0x00,
    0x00, 0x00, 0x00, 0x00, 0x00, 0x00, 0x00, 0x00, 0x00, 0x00, 0x00, 0x00, 0x00, 0x00, 0x00, 0x00,
    0x00, 0x00, 0x00, 0x00, 0x00, 0x00, 0x00, 0x00, 0x00, 0x00, 0x00, 0x00, 0x00, 0x00, 0x00, 0x00,
    0x00, 0x00, 0x00, 0x00, 0x00, 0x00, 0x00, 0x00, 0x00, 0x00, 0x00, 0x00, 0x00, 0x00, 0x00, 0x00,
    0x00, 0x00, 0x00, 0x00, 0x00, 0x00, 0x00, 0x00, 0x00, 0x00, 0x00, 0x00, 0x00, 0x00, 0x00, 0x00,
    0x00, 0x00, 0x00, 0x00, 0x00, 0x00, 0x00, 0x00
};

// 'partlycloudy_polartwilight', 44x44px
const unsigned char met_bitmap_black_44x44_partlycloudy_polartwilight[] PROGMEM = {
    0x00, 0x00, 0x00, 0x00, 0x00, 0x00, 0x00, 0x00, 0x00, 0x00, 0x00, 0x00, 0x00, 0x00, 0x00, 0x00,
    0x00, 0x00, 0x00, 0x00, 0x00, 0x00, 0x00, 0x00, 0x00, 0x00, 0x00, 0x00, 0x00, 0x00, 0x00, 0x00,
    0x00, 0x00, 0x00, 0x00, 0x00, 0x00, 0x00, 0x00, 0x00, 0x00, 0x00, 0x00, 0x00, 0x00, 0x00, 0x00,
    0xff, 0xff, 0xfc, 0x00, 0x00, 0x00, 0x3f, 0xff, 0xf0, 0x00, 0x00, 0x00, 0x07, 0xff, 0xe3, 0xfc,
    0x00, 0x00, 0x07, 0xff, 0x8f, 0xff, 0x00, 0x00, 0x0f, 0xff, 0x1f, 0xff, 0x80, 0x00, 0x0f, 0xfe,
    0x3f, 0xff, 0xc0, 0x00, 0x1f, 0xf0, 0x7f, 0xff, 0xe0, 0x00, 0x00, 0xc7, 0xff, 0xff, 0xe0, 0x00,
    0x00, 0x0f, 0xff, 0xff, 0xf0, 0x00, 0x00, 0x1f, 0xff, 0xff, 0xf0, 0x00, 0x01, 0xff, 0xff, 0xff,
    0xf8, 0x00, 0x03, 0xff, 0xff, 0xff, 0xfc, 0x00, 0x07, 0xff, 0xff, 0xff, 0xfe, 0x00, 0x0f, 0xff,
    0xff, 0xff, 0xff, 0x00, 0x0f, 0xff, 0xff, 0xff, 0xff, 0x80, 0x1f, 0xff, 0xff, 0xff, 0xff, 0x80,
    0x1f, 0xff, 0xff, 0xff, 0xff, 0x80, 0x1f, 0xff, 0xff, 0xff, 0xff, 0x80, 0x1f, 0xff, 0xff, 0xff,
    0xff, 0x80, 0x0f, 0xff, 0xff, 0xff, 0xff, 0x80, 0x0f, 0xff, 0xff, 0xff, 0xff, 0x00, 0x07, 0xff,
    0xff, 0xff, 0xfe, 0x00, 0x03, 0xff, 0xff, 0xff, 0xfc, 0x00, 0x00, 0x7f, 0xff, 0xff, 0xe0, 0x00,
    0x00, 0x00, 0x00, 0x00, 0x00, 0x00, 0x00, 0x00, 0x00, 0x00, 0x00, 0x00, 0x00, 0x00, 0x00, 0x00,
    0x00, 0x00, 0x00, 0x00, 0x00, 0x00, 0x00, 0x00, 0x00, 0x00, 0x00, 0x00, 0x00, 0x00, 0x00, 0x00,
    0x00, 0x00, 0x00, 0x00, 0x00, 0x00, 0x00, 0x00, 0x00, 0x00, 0x00, 0x00, 0x00, 0x00, 0x00, 0x00,
    0x00, 0x00, 0x00, 0x00, 0x00, 0x00, 0x00, 0x00, 0x00, 0x00, 0x00, 0x00, 0x00, 0x00, 0x00, 0x00,
    0x00, 0x00, 0x00, 0x00, 0x00, 0x00, 0x00, 0x00
};

// 'rain', 44x44px
const unsigned char met_bitmap_black_44x44_rain[] PROGMEM = {
    0x00, 0x00, 0x00, 0x00, 0x00, 0x00, 0x00, 0x00, 0x00, 0x00, 0x00, 0x00, 0x00, 0x00, 0x00, 0x00,
    0x00, 0x00, 0x00, 0x00, 0x00, 0x00, 0x00, 0x00, 0x00, 0x00, 0x00, 0x00, 0x00, 0x00, 0x00, 0x00,
    0x00, 0x00, 0x00, 0x00, 0x00, 0x00, 0x00, 0x00, 0x00, 0x00, 0x00, 0x00, 0x00, 0x00, 0x00, 0x00,
    0x00, 0x00, 0x00, 0x00, 0x00, 0x00, 0x00, 0x00, 0x00, 0x00, 0x00, 0x00, 0x00, 0x00, 0x03, 0xfc,
    0x00, 0x00, 0x00, 0x00, 0x0f, 0xff, 0x00, 0x00, 0x00, 0x00, 0x1f, 0xff, 0x80, 0x00, 0x00, 0x00,
    0x3f, 0xff, 0xc0, 0x00, 0x00, 0x00, 0x7f, 0xff, 0xe0, 0x00, 0x00, 0x07, 0xff, 0xff, 0xe0, 0x00,
    0x00, 0x0f, 0xff, 0xff, 0xf0, 0x00, 0x00, 0x1f, 0xff, 0xff, 0xf0, 0x00, 0x01, 0xff, 0xff, 0xff,
    0xf8, 0x00, 0x03, 0xff, 0xff, 0xff, 0xfc, 0x00, 0x07, 0xff, 0xff, 0xff, 0xfe, 0x00, 0x0f, 0xff,
    0xff, 0xff, 0xff, 0x00, 0x0f, 0xff, 0xff, 0xff, 0xff, 0x80, 0x1f, 0xff, 0xff, 0xff, 0xff, 0x80,
    0x1f, 0xff, 0xff, 0xff, 0xff, 0x80, 0x1f, 0xff, 0xff, 0xff, 0xff, 0x80, 0x1f, 0xff, 0xff, 0xff,
    0xff, 0x80, 0x0f, 0xff, 0xff, 0xff, 0xff, 0x80, 0x0f, 0xff, 0xff, 0xff, 0xff, 0x00, 0x07, 0xff,
    0xff, 0xff, 0xfe, 0x00, 0x03, 0xff, 0xff, 0xff, 0xfc, 0x00, 0x00, 0x7f, 0xff, 0xff, 0xe0, 0x00,
    0x00, 0x00, 0x00, 0x00, 0x00, 0x00, 0x00, 0x00, 0x00, 0x00, 0x00, 0x00, 0x00, 0x00, 0xc0, 0x0c,
    0x00, 0x00, 0x00, 0x01, 0xc0, 0x0c, 0x00, 0x00, 0x00, 0x01, 0xc0, 0x1c, 0x00, 0x00, 0x00, 0x03,
    0x80, 0x1c, 0x00, 0x00, 0x00, 0x03, 0x82, 0x38, 0x00, 0x00, 0x00, 0x03, 0x07, 0x38, 0x00, 0x00,
    0x00, 0x00, 0x0e, 0x00, 0x00, 0x00, 0x00, 0x00, 0x0e, 0x00, 0x00, 0x00, 0x00, 0x00, 0x0e, 0x00,
    0x00, 0x00, 0x00, 0x00, 0x0c, 0x00, 0x00, 0x00
};

// 'rainandthunder', 44x44px
const unsigned char met_bitmap_black_44x44_rainandthunder[] PROGMEM = {
    0x00, 0x00, 0x00, 0x00, 0x00, 0x00, 0x00, 0x00, 0x00, 0x00, 0x00, 0x00, 0x00, 0x00, 0x00, 0x00,
    0x00, 0x00, 0x00, 0x00, 0x00, 0x00, 0x00, 0x00, 0x00, 0x00, 0x00, 0x00, 0x00, 0x00, 0x00, 0x00,
    0x00, 0x00, 0x00, 0x00, 0x00, 0x00, 0x00, 0x00, 0x00, 0x00, 0x00, 0x00, 0x00, 0x00, 0x00, 0x00,
    0x00, 0x00, 0x00, 0x00, 0x00, 0x00, 0x00, 0x00, 0x00, 0x00, 0x00, 0x00, 0x00, 0x00, 0x03, 0xfc,
    0x00, 0x00, 0x00, 0x00, 0x0f, 0xff, 0x00, 0x00, 0x00, 0x00, 0x1f, 0xff, 0x80, 0x00, 0x00, 0x00,
    0x3f, 0xff, 0xc0, 0x00, 0x00, 0x00, 0x7f, 0xff, 0xe0, 0x00, 0x00, 0x07, 0xff, 0xff, 0xe0, 0x00,
    0x00, 0x0f, 0xff, 0xff, 0xf0, 0x00, 0x00, 0x1f, 0xff, 0xff, 0xf0, 0x00, 0x01, 0xff, 0xff, 0xff,
    0xf8, 0x00, 0x03, 0xff, 0xff, 0xff, 0xfc, 0x00, 0x07, 0xff, 0xff, 0xff, 0xfe, 0x00, 0x0f, 0xff,
    0xff, 0xff, 0xff, 0x00, 0x0f, 0xff, 0xff, 0xff, 0xff, 0x80, 0x1f, 0xff, 0xfc, 0xff, 0xff, 0x80,
    0x1f, 0xff, 0xfc, 0x7f, 0xff, 0x80, 0x1f, 0xff, 0xf8, 0xff, 0xff, 0x80, 0x1f, 0xff, 0xf2, 0xff,
    0xff, 0x80, 0x0f, 0xff, 0xf6, 0xff, 0xff, 0x80, 0x0f, 0xff, 0xe6, 0xff, 0xff, 0x00, 0x07, 0xff,
    0xee, 0xff, 0xfe, 0x00, 0x03, 0xff, 0xcc, 0xff, 0xfc, 0x00, 0x00, 0x7f, 0x9e, 0x3f, 0xe0, 0x00,
    0x00, 0x00, 0x1f, 0x80, 0x00, 0x00, 0x00, 0x00, 0x1f, 0x80, 0x00, 0x00, 0x00, 0x01, 0x07, 0x03,
    0x00, 0x00, 0x00, 0x03, 0x87, 0x03, 0x80, 0x00, 0x00, 0x07, 0x06, 0x07, 0x00, 0x00, 0x00, 0x07,
    0x06, 0x07, 0x00, 0x00, 0x00, 0x07, 0x0c, 0xce, 0x00, 0x00, 0x00, 0x06, 0x09, 0xc6, 0x00, 0x00,
    0x00, 0x00, 0x09, 0xc0, 0x00, 0x00, 0x00, 0x00, 0x03, 0x80, 0x00, 0x00, 0x00, 0x00, 0x03, 0x80,
    0x00, 0x00, 0x00, 0x00, 0x03, 0x00, 0x00, 0x00
};

// 'rainshowers_day', 44x44px
const unsigned char met_bitmap_black_44x44_rainshowers_day[] PROGMEM = {
    0x00, 0x00, 0x00, 0x00, 0x00, 0x00, 0x00, 0x08, 0x00, 0x00, 0x00, 0x00, 0x00, 0x0c, 0x00, 0x00,
    0x00, 0x00, 0x03, 0x1c, 0x60, 0x00, 0x00, 0x00, 0x03, 0x9e, 0xe0, 0x00, 0x00, 0x00, 0x03, 0xff,
    0xe0, 0x00, 0x00, 0x00, 0x03, 0xff, 0xe0, 0x00, 0x00, 0x00, 0x3f, 0xff, 0xfe, 0x00, 0x00, 0x00,
    0x3f, 0xff, 0xfe, 0x00, 0x00, 0x00, 0x1f, 0xff, 0xf0, 0x00, 0x00, 0x00, 0x0f, 0xff, 0xe3, 0xfc,
    0x00, 0x00, 0x0f, 0xff, 0x8f, 0xff, 0x00, 0x00, 0x3f, 0xff, 0x1f, 0xff, 0x80, 0x00, 0xff, 0xfe,
    0x3f, 0xff, 0xc0, 0x00, 0x3f, 0xf0, 0x7f, 0xff, 0xe0, 0x00, 0x0f, 0xc7, 0xff, 0xff, 0xe0, 0x00,
    0x0f, 0x8f, 0xff, 0xff, 0xf0, 0x00, 0x1c, 0x1f, 0xff, 0xff, 0xf0, 0x00, 0x31, 0xff, 0xff, 0xff,
    0xf8, 0x00, 0x23, 0xff, 0xff, 0xff, 0xfc, 0x00, 0x07, 0xff, 0xff, 0xff, 0xfe, 0x00, 0x0f, 0xff,
    0xff, 0xff, 0xff, 0x00, 0x0f, 0xff, 0xff, 0xff, 0xff, 0x80, 0x1f, 0xff, 0xff, 0xff, 0xff, 0x80,
    0x1f, 0xff, 0xff, 0xff, 0xff, 0x80, 0x1f, 0xff, 0xff, 0xff, 0xff, 0x80, 0x1f, 0xff, 0xff, 0xff,
    0xff, 0x80, 0x0f, 0xff, 0xff, 0xff, 0xff, 0x80, 0x0f, 0xff, 0xff, 0xff, 0xff, 0x00, 0x07, 0xff,
    0xff, 0xff, 0xfe, 0x00, 0x03, 0xff, 0xff, 0xff, 0xfc, 0x00, 0x00, 0x7f, 0xff, 0xff, 0xe0, 0x00,
    0x00, 0x00, 0x00, 0x00, 0x00, 0x00, 0x00, 0x00, 0x00, 0x00, 0x00, 0x00, 0x00, 0x00, 0xc0, 0x0c,
    0x00, 0x00, 0x00, 0x01, 0xc0, 0x0c, 0x00, 0x00, 0x00, 0x01, 0xc0, 0x1c, 0x00, 0x00, 0x00, 0x03,
    0x80, 0x1c, 0x00, 0x00, 0x00, 0x03, 0x82, 0x38, 0x00, 0x00, 0x00, 0x03, 0x07, 0x38, 0x00, 0x00,
    0x00, 0x00, 0x0e, 0x00, 0x00, 0x00, 0x00, 0x00, 0x0e, 0x00, 0x00, 0x00, 0x00, 0x00, 0x0e, 0x00,
    0x00, 0x00, 0x00, 0x00, 0x0c, 0x00, 0x00, 0x00
};

// 'rainshowers_night', 44x44px
const unsigned char met_bitmap_black_44x44_rainshowers_night[] PROGMEM = {
    0x00, 0x00, 0x00, 0x00, 0x00, 0x00, 0x00, 0x00, 0x00, 0x00, 0x00, 0x00, 0x00, 0x30, 0x00, 0x00,
    0x00, 0x00, 0x00, 0x3c, 0x00, 0x00, 0x00, 0x00, 0x00, 0x3e, 0x00, 0x00, 0x00, 0x00, 0x00, 0x1f,
    0x00, 0x00, 0x00, 0x00, 0x00, 0x1f, 0x80, 0x00, 0x00, 0x00, 0x00, 0x1f, 0x80, 0x00, 0x00, 0x00,
    0x00, 0x1f, 0xc0, 0x00, 0x00, 0x00, 0x00, 0x3f, 0xc0, 0x00, 0x00, 0x00, 0x00, 0x3f, 0xc3, 0xfc,
    0x00, 0x00, 0x00, 0x7f, 0x8f, 0xff, 0x00, 0x00, 0x00, 0x7f, 0x1f, 0xff, 0x80, 0x00, 0x01, 0xfe,
    0x3f, 0xff, 0xc0, 0x00, 0x03, 0xf0, 0x7f, 0xff, 0xe0, 0x00, 0x7f, 0xc7, 0xff, 0xff, 0xe0, 0x00,
    0x7f, 0x8f, 0xff, 0xff, 0xf0, 0x00, 0x3c, 0x1f, 0xff, 0xff, 0xf0, 0x00, 0x11, 0xff, 0xff, 0xff,
    0xf8, 0x00, 0x03, 0xff, 0xff, 0xff, 0xfc, 0x00, 0x07, 0xff, 0xff, 0xff, 0xfe, 0x00, 0x0f, 0xff,
    0xff, 0xff, 0xff, 0x00, 0x0f, 0xff, 0xff, 0xff, 0xff, 0x80, 0x1f, 0xff, 0xff, 0xff, 0xff, 0x80,
    0x1f, 0xff, 0xff, 0xff, 0xff, 0x80, 0x1f, 0xff, 0xff, 0xff, 0xff, 0x80, 0x1f, 0xff, 0xff, 0xff,
    0xff, 0x80, 0x0f, 0xff, 0xff, 0xff, 0xff, 0x80, 0x0f, 0xff, 0xff, 0xff, 0xff, 0x00, 0x07, 0xff,
    0xff, 0xff, 0xfe, 0x00, 0x03, 0xff, 0xff, 0xff, 0xfc, 0x00, 0x00, 0x7f, 0xff, 0xff, 0xe0, 0x00,
    0x00, 0x00, 0x00, 0x00, 0x00, 0x00, 0x00, 0x00, 0x00, 0x00, 0x00, 0x00, 0x00, 0x00, 0xc0, 0x0c,
    0x00, 0x00, 0x00, 0x01, 0xc0, 0x0c, 0x00, 0x00, 0x00, 0x01, 0xc0, 0x1c, 0x00, 0x00, 0x00, 0x03,
    0x80, 0x1c, 0x00, 0x00, 0x00, 0x03, 0x82, 0x38, 0x00, 0x00, 0x00, 0x03, 0x07, 0x38, 0x00, 0x00,
    0x00, 0x00, 0x0e, 0x00, 0x00, 0x00, 0x00, 0x00, 0x0e, 0x00, 0x00, 0x00, 0x00, 0x00, 0x0e, 0x00,
    0x00, 0x00, 0x00, 0x00, 0x0c, 0x00, 0x00, 0x00
};

// 'rainshowers_polartwilight', 44x44px
const unsigned char met_bitmap_black_44x44_rainshowers_polartwilight[] PROGMEM = {
    0x00, 0x00, 0x00, 0x00, 0x00, 0x00, 0x00, 0x00, 0x00, 0x00, 0x00, 0x00, 0x00, 0x00, 0x00, 0x00,
    0x00, 0x00, 0x00, 0x00, 0x00, 0x00, 0x00, 0x00, 0x00, 0x00, 0x00, 0x00, 0x00, 0x00, 0x00, 0x00,
    0x00, 0x00, 0x00, 0x00, 0x00, 0x00, 0x00, 0x00, 0x00, 0x00, 0x00, 0x00, 0x00, 0x00, 0x00, 0x00,
    0xff, 0xff, 0xfc, 0x00, 0x00, 0x00, 0x3f, 0xff, 0xf0, 0x00, 0x00, 0x00, 0x07, 0xff, 0xe3, 0xfc,
    0x00, 0x00, 0x07, 0xff, 0x8f, 0xff, 0x00, 0x00, 0x0f, 0xff, 0x1f, 0xff, 0x80, 0x00, 0x0f, 0xfe,
    0x3f, 0xff, 0xc0, 0x00, 0x1f, 0xf0, 0x7f, 0xff, 0xe0, 0x00, 0x00, 0xc7, 0xff, 0xff, 0xe0, 0x00,
    0x00, 0x0f, 0xff, 0xff, 0xf0, 0x00, 0x00, 0x1f, 0xff, 0xff, 0xf0, 0x00, 0x01, 0xff, 0xff, 0xff,
    0xf8, 0x00, 0x03, 0xff, 0xff, 0xff, 0xfc, 0x00, 0x07, 0xff, 0xff, 0xff, 0xfe, 0x00, 0x0f, 0xff,
    0xff, 0xff, 0xff, 0x00, 0x0f, 0xff, 0xff, 0xff, 0xff, 0x80, 0x1f, 0xff, 0xff, 0xff, 0xff, 0x80,
    0x1f, 0xff, 0xff, 0xff, 0xff, 0x80, 0x1f, 0xff, 0xff, 0xff, 0xff, 0x80, 0x1f, 0xff, 0xff, 0xff,
    0xff, 0x80, 0x0f, 0xff, 0xff, 0xff, 0xff, 0x80, 0x0f, 0xff, 0xff, 0xff, 0xff, 0x00, 0x07, 0xff,
    0xff, 0xff, 0xfe, 0x00, 0x03, 0xff, 0xff, 0xff, 0xfc, 0x00, 0x00, 0x7f, 0xff, 0xff, 0xe0, 0x00,
    0x00, 0x00, 0x00, 0x00, 0x00, 0x00, 0x00, 0x00, 0x00, 0x00, 0x00, 0x00, 0x00, 0x00, 0xc0, 0x0c,
    0x00, 0x00, 0x00, 0x01, 0xc0, 0x0c, 0x00, 0x00, 0x00, 0x01, 0xc0, 0x1c, 0x00, 0x00, 0x00, 0x03,
    0x80, 0x1c, 0x00, 0x00, 0x00, 0x03, 0x82, 0x38, 0x00, 0x00, 0x00, 0x03, 0x07, 0x38, 0x00, 0x00,
    0x00, 0x00, 0x0e, 0x00, 0x00, 0x00, 0x00, 0x00, 0x0e, 0x00, 0x00, 0x00, 0x00, 0x00, 0x0e, 0x00,
    0x00, 0x00, 0x00, 0x00, 0x0c, 0x00, 0x00, 0x00
};

// 'rainshowersandthunder_day', 44x44px
const unsigned char met_bitmap_black_44x44_rainshowersandthunder_day[] PROGMEM = {
    0x00, 0x00, 0x00, 0x00, 0x00, 0x00, 0x00, 0x08, 0x00, 0x00, 0x00, 0x00, 0x00, 0x0c, 0x00, 0x00,
    0x00, 0x00, 0x03, 0x1c, 0x60, 0x00, 0x00, 0x00, 0x03, 0x9e, 0xe0, 0x00, 0x00, 0x00, 0x03, 0xff,
    0xe0, 0x00, 0x00, 0x00, 0x03, 0xff, 0xe0, 0x00, 0x00, 0x00, 0x3f, 0xff, 0xfe, 0x00, 0x00, 0x00,
    0x3f, 0xff, 0xfe, 0x00, 0x00, 0x00, 0x1f, 0xff, 0xf0, 0x00, 0x00, 0x00, 0x0f, 0xff, 0xe3, 0xfc,
    0x00, 0x00, 0x0f, 0xff, 0x8f, 0xff, 0x00, 0x00, 0x3f, 0xff, 0x1f, 0xff, 0x80, 0x00, 0xff, 0xfe,
    0x3f, 0xff, 0xc0, 0x00, 0x3f, 0xf0, 0x7f, 0xff, 0xe0, 0x00, 0x0f, 0xc7, 0xff, 0xff, 0xe0, 0x00,
    0x0f, 0x8f, 0xff, 0xff, 0xf0, 0x00, 0x1c, 0x1f, 0xff, 0xff, 0xf0, 0x00, 0x31, 0xff, 0xff, 0xff,
    0xf8, 0x00, 0x23, 0xff, 0xff, 0xff, 0xfc, 0x00, 0x07, 0xff, 0xff, 0xff, 0xfe, 0x00, 0x0f, 0xff,
    0xff, 0xff, 0xff, 0x00, 0x0f, 0xff, 0xff, 0xff, 0xff, 0x80, 0x1f, 0xff, 0xfc, 0xff, 0xff, 0x80,
    0x1f, 0xff, 0xfc, 0x7f, 0xff, 0x80, 0x1f, 0xff, 0xf8, 0xff, 0xff, 0x80, 0x1f, 0xff, 0xf2, 0xff,
    0xff, 0x80, 0x0f, 0xff, 0xf6, 0xff, 0xff, 0x80, 0x0f, 0xff, 0xe6, 0xff, 0xff, 0x00, 0x07, 0xff,
    0xee, 0xff, 0xfe, 0x00, 0x03, 0xff, 0xcc, 0xff, 0xfc, 0x00, 0x00, 0x7f, 0x9e, 0x3f, 0xe0, 0x00,
    0x00, 0x00, 0x1f, 0x80, 0x00, 0x00, 0x00, 0x00, 0x1f, 0x80, 0x00, 0x00, 0x00, 0x01, 0x07, 0x03,
    0x00, 0x00, 0x00, 0x03, 0x87, 0x03, 0x80, 0x00, 0x00, 0x07, 0x06, 0x07, 0x00, 0x00, 0x00, 0x07,
    0x06, 0x07, 0x00, 0x00, 0x00, 0x07, 0x0c, 0xce, 0x00, 0x00, 0x00, 0x06, 0x09, 0xc6, 0x00, 0x00,
    0x00, 0x00, 0x09, 0xc0, 0x00, 0x00, 0x00, 0x00, 0x03, 0x80, 0x00, 0x00, 0x00, 0x00, 0x03, 0x80,
    0x00, 0x00, 0x00, 0x00, 0x03, 0x00, 0x00, 0x00
};

// 'rainshowersandthunder_night', 44x44px
const unsigned char met_bitmap_black_44x44_rainshowersandthunder_night[] PROGMEM = {
    0x00, 0x00, 0x00, 0x00, 0x00, 0x00, 0x00, 0x00, 0x00, 0x00, 0x00, 0x00, 0x00, 0x30, 0x00, 0x00,
    0x00, 0x00, 0x00, 0x3c, 0x00, 0x00, 0x00, 0x00, 0x00, 0x3e, 0x00, 0x00, 0x00, 0x00, 0x00, 0x1f,
    0x00, 0x00, 0x00, 0x00, 0x00, 0x1f, 0x80, 0x00, 0x00, 0x00, 0x00, 0x1f, 0x80, 0x00, 0x00, 0x00,
    0x00, 0x1f, 0xc0, 0x00, 0x00, 0x00, 0x00, 0x3f, 0xc0, 0x00, 0x00, 0x00, 0x00, 0x3f, 0xc3, 0xfc,
    0x00, 0x00, 0x00, 0x7f, 0x8f, 0xff, 0x00, 0x00, 0x00, 0x7f, 0x1f, 0xff, 0x80, 0x00, 0x01, 0xfe,
    0x3f, 0xff, 0xc0, 0x00, 0x03, 0xf0, 0x7f, 0xff, 0xe0, 0x00, 0x7f, 0xc7, 0xff, 0xff, 0xe0, 0x00,
    0x7f, 0x8f, 0xff, 0xff, 0xf0, 0x00, 0x3c, 0x1f, 0xff, 0xff, 0xf0, 0x00, 0x11, 0xff, 0xff, 0xff,
    0xf8, 0x00, 0x03, 0xff, 0xff, 0xff, 0xfc, 0x00, 0x07, 0xff, 0xff, 0xff, 0xfe, 0x00, 0x0f, 0xff,
    0xff, 0xff, 0xff, 0x00, 0x0f, 0xff, 0xff, 0xff, 0xff, 0x80, 0x1f, 0xff, 0xfc, 0xff, 0xff, 0x80,
    0x1f, 0xff, 0xfc, 0x7f, 0xff, 0x80, 0x1f, 0xff, 0xf8, 0xff, 0xff, 0x80, 0x1f, 0xff, 0xf2, 0xff,
    0xff, 0x80, 0x0f, 0xff, 0xf6, 0xff, 0xff, 0x80, 0x0f, 0xff, 0xe6, 0xff, 0xff, 0x00, 0x07, 0xff,
    0xee, 0xff, 0xfe, 0x00, 0x03, 0xff, 0xcc, 0xff, 0xfc, 0x00, 0x00, 0x7f, 0x9e, 0x3f, 0xe0, 0x00,
    0x00, 0x00, 0x1f, 0x80, 0x00, 0x00, 0x00, 0x00, 0x1f, 0x80, 0x00, 0x00, 0x00, 0x01, 0x07, 0x03,
    0x00, 0x00, 0x00, 0x03, 0x87, 0x03, 0x80, 0x00, 0x00, 0x07, 0x06, 0x07, 0x00, 0x00, 0x00, 0x07,
    0x06, 0x07, 0x00, 0x00, 0x00, 0x07, 0x0c, 0xce, 0x00, 0x00, 0x00, 0x06, 0x09, 0xc6, 0x00, 0x00,
    0x00, 0x00, 0x09, 0xc0, 0x00, 0x00, 0x00, 0x00, 0x03, 0x80, 0x00, 0x00, 0x00, 0x00, 0x03, 0x80,
    0x00, 0x00, 0x00, 0x00, 0x03, 0x00, 0x00, 0x00
};

// 'rainshowersandthunder_polartwilight', 44x44px
const unsigned char met_bitmap_black_44x44_rainshowersandthunder_polartwilight[] PROGMEM = {
    0x00, 0x00, 0x00, 0x00, 0x00, 0x00, 0x00, 0x00, 0x00, 0x00, 0x00, 0x00, 0x00, 0x00, 0x00, 0x00,
    0x00, 0x00, 0x00, 0x00, 0x00, 0x00, 0x00, 0x00, 0x00, 0x00, 0x00, 0x00, 0x00, 0x00, 0x00, 0x00,
    0x00, 0x00, 0x00, 0x00, 0x00, 0x00, 0x00, 0x00, 0x00, 0x00, 0x00, 0x00, 0x00, 0x00, 0x00, 0x00,
    0xff, 0xff, 0xfc, 0x00, 0x00, 0x00, 0x3f, 0xff, 0xf0, 0x00, 0x00, 0x00, 0x07, 0xff, 0xe3, 0xfc,
    0x00, 0x00, 0x07, 0xff, 0x8f, 0xff, 0x00, 0x00, 0x0f, 0xff, 0x1f, 0xff, 0x80, 0x00, 0x0f, 0xfe,
    0x3f, 0xff, 0xc0, 0x00, 0x1f, 0xf0, 0x7f, 0xff, 0xe0, 0x00, 0x00, 0xc7, 0xff, 0xff, 0xe0, 0x00,
    0x00, 0x0f, 0xff, 0xff, 0xf0, 0x00, 0x00, 0x1f, 0xff, 0xff, 0xf0, 0x00, 0x01, 0xff, 0xff, 0xff,
    0xf8, 0x00, 0x03, 0xff, 0xff, 0xff, 0xfc, 0x00, 0x07, 0xff, 0xff, 0xff, 0xfe, 0x00, 0x0f, 0xff,
    0xff, 0xff, 0xff, 0x00, 0x0f, 0xff, 0xff, 0xff, 0xff, 0x80, 0x1f, 0xff, 0xfc, 0xff, 0xff, 0x80,
    0x1f, 0xff, 0xfc, 0x7f, 0xff, 0x80, 0x1f, 0xff, 0xf8, 0xff, 0xff, 0x80, 0x1f, 0xff, 0xf2, 0xff,
    0xff, 0x80, 0x0f, 0xff, 0xf6, 0xff, 0xff, 0x80, 0x0f, 0xff, 0xe6, 0xff, 0xff, 0x00, 0x07, 0xff,
    0xee, 0xff, 0xfe, 0x00, 0x03, 0xff, 0xcc, 0xff, 0xfc, 0x00, 0x00, 0x7f, 0x9e, 0x3f, 0xe0, 0x00,
    0x00, 0x00, 0x1f, 0x80, 0x00, 0x00, 0x00, 0x00, 0x1f, 0x80, 0x00, 0x00, 0x00, 0x01, 0x07, 0x03,
    0x00, 0x00, 0x00, 0x03, 0x87, 0x03, 0x80, 0x00, 0x00, 0x07, 0x06, 0x07, 0x00, 0x00, 0x00, 0x07,
    0x06, 0x07, 0x00, 0x00, 0x00, 0x07, 0x0c, 0xce, 0x00, 0x00, 0x00, 0x06, 0x09, 0xc6, 0x00, 0x00,
    0x00, 0x00, 0x09, 0xc0, 0x00, 0x00, 0x00, 0x00, 0x03, 0x80, 0x00, 0x00, 0x00, 0x00, 0x03, 0x80,
    0x00, 0x00, 0x00, 0x00, 0x03, 0x00, 0x00, 0x00
};

// 'sleet', 44x44px
const unsigned char met_bitmap_black_44x44_sleet[] PROGMEM = {
    0x00, 0x00, 0x00, 0x00, 0x00, 0x00, 0x00, 0x00, 0x00, 0x00, 0x00, 0x00, 0x00, 0x00, 0x00, 0x00,
    0x00, 0x00, 0x00, 0x00, 0x00, 0x00, 0x00, 0x00, 0x00, 0x00, 0x00, 0x00, 0x00, 0x00, 0x00, 0x00,
    0x00, 0x00, 0x00, 0x00, 0x00, 0x00, 0x00, 0x00, 0x00, 0x00, 0x00, 0x00, 0x00, 0x00, 0x00, 0x00,
    0x00, 0x00, 0x00, 0x00, 0x00, 0x00, 0x00, 0x00, 0x00, 0x00, 0x00, 0x00, 0x00, 0x00, 0x03, 0xfc,
    0x00, 0x00, 0x00, 0x00, 0x0f, 0xff, 0x00, 0x00, 0x00, 0x00, 0x1f, 0xff, 0x80, 0x00, 0x00, 0x00,
    0x3f, 0xff, 0xc0, 0x00, 0x00, 0x00, 0x7f, 0xff, 0xe0, 0x00, 0x00, 0x07, 0xff, 0xff, 0xe0, 0x00,
    0x00, 0x0f, 0xff, 0xff, 0xf0, 0x00, 0x00, 0x1f, 0xff, 0xff, 0xf0, 0x00, 0x01, 0xff, 0xff, 0xff,
    0xf8, 0x00, 0x03, 0xff, 0xff, 0xff, 0xfc, 0x00, 0x07, 0xff, 0xff, 0xff, 0xfe, 0x00, 0x0f, 0xff,
    0xff, 0xff, 0xff, 0x00, 0x0f, 0xff, 0xff, 0xff, 0xff, 0x80, 0x1f, 0xff, 0xff, 0xff, 0xff, 0x80,
    0x1f, 0xff, 0xff, 0xff, 0xff, 0x80, 0x1f, 0xff, 0xff, 0xff, 0xff, 0x80, 0x1f, 0xff, 0xff, 0xff,
    0xff, 0x80, 0x0f, 0xff, 0xff, 0xff, 0xff, 0x80, 0x0f, 0xff, 0xff, 0xff, 0xff, 0x00, 0x07, 0xff,
    0xff, 0xff, 0xfe, 0x00, 0x03, 0xff, 0xff, 0xff, 0xfc, 0x00, 0x00, 0x7f, 0xff, 0xff, 0xe0, 0x00,
    0x00, 0x00, 0x00, 0x00, 0x00, 0x00, 0x00, 0x00, 0x00, 0x00, 0x00, 0x00, 0x00, 0x00, 0x00, 0x00,
    0x00, 0x00, 0x00, 0x03, 0xc0, 0x0c, 0x00, 0x00, 0x00, 0x03, 0xc0, 0x1c, 0x00, 0x00, 0x00, 0x07,
    0xe0, 0x1c, 0x00, 0x00, 0x00, 0x03, 0xc3, 0x1c, 0x00, 0x00, 0x00, 0x03, 0xc7, 0x38, 0x00, 0x00,
    0x00, 0x00, 0x07, 0x38, 0x00, 0x00, 0x00, 0x00, 0x0e, 0x00, 0x00, 0x00, 0x00, 0x00, 0x0e, 0x00,
    0x00, 0x00, 0x00, 0x00, 0x0c, 0x00, 0x00, 0x00
};

// 'sleetandthunder', 44x44px
const unsigned char met_bitmap_black_44x44_sleetandthunder[] PROGMEM = {
    0x00, 0x00, 0x00, 0x00, 0x00, 0x00, 0x00, 0x00, 0x00, 0x00, 0x00, 0x00, 0x00, 0x00, 0x00, 0x00,
    0x00, 0x00, 0x00, 0x00, 0x00, 0x00, 0x00, 0x00, 0x00, 0x00, 0x00, 0x00, 0x00, 0x00, 0x00, 0x00,
    0x00, 0x00, 0x00, 0x00, 0x00, 0x00, 0x00, 0x00, 0x00, 0x00, 0x00, 0x00, 0x00, 0x00, 0x00, 0x00,
    0x00, 0x00, 0x00, 0x00, 0x00, 0x00, 0x00, 0x00, 0x00, 0x00, 0x00, 0x00, 0x00, 0x00, 0x03, 0xfc,
    0x00, 0x00, 0x00, 0x00, 0x0f, 0xff, 0x00, 0x00, 0x00, 0x00, 0x1f, 0xff, 0x80, 0x00, 0x00, 0x00,
    0x3f, 0xff, 0xc0, 0x00, 0x00, 0x00, 0x7f, 0xff, 0xe0, 0x00, 0x00, 0x07, 0xff, 0xff, 0xe0, 0x00,
    0x00, 0x0f, 0xff, 0xff, 0xf0, 0x00, 0x00, 0x1f, 0xff, 0xff, 0xf0, 0x00, 0x01, 0xff, 0xff, 0xff,
    0xf8, 0x00, 0x03, 0xff, 0xff, 0xff, 0xfc, 0x00, 0x07, 0xff, 0xff, 0xff, 0xfe, 0x00, 0x0f, 0xff,
    0xff, 0xff, 0xff, 0x00, 0x0f, 0xff, 0xff, 0xff, 0xff, 0x80, 0x1f, 0xff, 0xfc, 0xff, 0xff, 0x80,
    0x1f, 0xff, 0xfc, 0x7f, 0xff, 0x80, 0x1f, 0xff, 0xf8, 0xff, 0xff, 0x80, 0x1f, 0xff, 0xf2, 0xff,
    0xff, 0x80, 0x0f, 0xff, 0xf6, 0xff, 0xff, 0x80, 0x0f, 0xff, 0xe6, 0xff, 0xff, 0x00, 0x07, 0xff,
    0xee, 0xff, 0xfe, 0x00, 0x03, 0xff, 0xcc, 0xff, 0xfc, 0x00, 0x00, 0x7f, 0x9e, 0x3f, 0xe0, 0x00,
    0x00, 0x00, 0x1f, 0x80, 0x00, 0x00, 0x00, 0x00, 0x1f, 0x80, 0x00, 0x00, 0x00, 0x00, 0x07, 0x00,
    0x00, 0x00, 0x00, 0x07, 0x87, 0x03, 0x00, 0x00, 0x00, 0x0f, 0x86, 0x07, 0x00, 0x00, 0x00, 0x0f,
    0xc6, 0x07, 0x00, 0x00, 0x00, 0x07, 0x8d, 0xce, 0x00, 0x00, 0x00, 0x07, 0x89, 0xce, 0x00, 0x00,
    0x00, 0x00, 0x0b, 0x8c, 0x00, 0x00, 0x00, 0x00, 0x03, 0x80, 0x00, 0x00, 0x00, 0x00, 0x03, 0x80,
    0x00, 0x00, 0x00, 0x00, 0x03, 0x00, 0x00, 0x00
};

// 'sleetshowers_day', 44x44px
const unsigned char met_bitmap_black_44x44_sleetshowers_day[] PROGMEM = {
    0x00, 0x00, 0x00, 0x00, 0x00, 0x00, 0x00, 0x08, 0x00, 0x00, 0x00, 0x00, 0x00, 0x0c, 0x00, 0x00,
    0x00, 0x00, 0x03, 0x1c, 0x60, 0x00, 0x00, 0x00, 0x03, 0x9e, 0xe0, 0x00, 0x00, 0x00, 0x03, 0xff,
    0xe0, 0x00, 0x00, 0x00, 0x03, 0xff, 0xe0, 0x00, 0x00, 0x00, 0x3f, 0xff, 0xfe, 0x00, 0x00, 0x00,
    0x3f, 0xff, 0xfe, 0x00, 0x00, 0x00, 0x1f, 0xff, 0xf0, 0x00, 0x00, 0x00, 0x0f, 0xff, 0xe3, 0xfc,
    0x00, 0x00, 0x0f, 0xff, 0x8f, 0xff, 0x00, 0x00, 0x3f, 0xff, 0x1f, 0xff, 0x80, 0x00, 0xff, 0xfe,
    0x3f, 0xff, 0xc0, 0x00, 0x3f, 0xf0, 0x7f, 0xff, 0xe0, 0x00, 0x0f, 0xc7, 0xff, 0xff, 0xe0, 0x00,
    0x0f, 0x8f, 0xff, 0xff, 0xf0, 0x00, 0x1c, 0x1f, 0xff, 0xff, 0xf0, 0x00, 0x31, 0xff, 0xff, 0xff,
    0xf8, 0x00, 0x23, 0xff, 0xff, 0xff, 0xfc, 0x00, 0x07, 0xff, 0xff, 0xff, 0xfe, 0x00, 0x0f, 0xff,
    0xff, 0xff, 0xff, 0x00, 0x0f, 0xff, 0xff, 0xff, 0xff, 0x80, 0x1f, 0xff, 0xff, 0xff, 0xff, 0x80,
    0x1f, 0xff, 0xff, 0xff, 0xff, 0x80, 0x1f, 0xff, 0xff, 0xff, 0xff, 0x80, 0x1f, 0xff, 0xff, 0xff,
    0xff, 0x80, 0x0f, 0xff, 0xff, 0xff, 0xff, 0x80, 0x0f, 0xff, 0xff, 0xff, 0xff, 0x00, 0x07, 0xff,
    0xff, 0xff, 0xfe, 0x00, 0x03, 0xff, 0xff, 0xff, 0xfc, 0x00, 0x00, 0x7f, 0xff, 0xff, 0xe0, 0x00,
    0x00, 0x00, 0x00, 0x00, 0x00, 0x00, 0x00, 0x00, 0x00, 0x00, 0x00, 0x00, 0x00, 0x00, 0x00, 0x00,
    0x00, 0x00, 0x00, 0x03, 0xc0, 0x0c, 0x00, 0x00, 0x00, 0x03, 0xc0, 0x1c, 0x00, 0x00, 0x00, 0x07,
    0xe0, 0x1c, 0x00, 0x00, 0x00, 0x03, 0xc3, 0x1c, 0x00, 0x00, 0x00, 0x03, 0xc7, 0x38, 0x00, 0x00,
    0x00, 0x00, 0x07, 0x38, 0x00, 0x00, 0x00, 0x00, 0x0e, 0x00, 0x00, 0x00, 0x00, 0x00, 0x0e, 0x00,
    0x00, 0x00, 0x00, 0x00, 0x0c, 0x00, 0x00, 0x00
};

// 'sleetshowers_night', 44x44px
const unsigned char met_bitmap_black_44x44_sleetshowers_night[] PROGMEM = {
    0x00, 0x00, 0x00, 0x00, 0x00, 0x00, 0x00, 0x00, 0x00, 0x00, 0x00, 0x00, 0x00, 0x30, 0x00, 0x00,
    0x00, 0x00, 0x00, 0x3c, 0x00, 0x00, 0x00, 0x00, 0x00, 0x3e, 0x00, 0x00, 0x00, 0x00, 0x00, 0x1f,
    0x00, 0x00, 0x00, 0x00, 0x00, 0x1f, 0x80, 0x00, 0x00, 0x00, 0x00, 0x1f, 0x80, 0x00, 0x00, 0x00,
    0x00, 0x1f, 0xc0, 0x00, 0x00, 0x00, 0x00, 0x3f, 0xc0, 0x00, 0x00, 0x00, 0x00, 0x3f, 0xc3, 0xfc,
    0x00, 0x00, 0x00, 0x7f, 0x8f, 0xff, 0x00, 0x00, 0x00, 0x7f, 0x1f, 0xff, 0x80, 0x00, 0x01, 0xfe,
    0x3f, 0xff, 0xc0, 0x00, 0x03, 0xf0, 0x7f, 0xff, 0xe0, 0x00, 0x7f, 0xc7, 0xff, 0xff, 0xe0, 0x00,
    0x7f, 0x8f, 0xff, 0xff, 0xf0, 0x00, 0x3c, 0x1f, 0xff, 0xff, 0xf0, 0x00, 0x11, 0xff, 0xff, 0xff,
    0xf8, 0x00, 0x03, 0xff, 0xff, 0xff, 0xfc, 0x00, 0x07, 0xff, 0xff, 0xff, 0xfe, 0x00, 0x0f, 0xff,
    0xff, 0xff, 0xff, 0x00, 0x0f, 0xff, 0xff, 0xff, 0xff, 0x80, 0x1f, 0xff, 0xff, 0xff, 0xff, 0x80,
    0x1f, 0xff, 0xff, 0xff, 0xff, 0x80, 0x1f, 0xff, 0xff, 0xff, 0xff, 0x80, 0x1f, 0xff, 0xff, 0xff,
    0xff, 0x80, 0x0f, 0xff, 0xff, 0xff, 0xff, 0x80, 0x0f, 0xff, 0xff, 0xff, 0xff, 0x00, 0x07, 0xff,
    0xff, 0xff, 0xfe, 0x00, 0x03, 0xff, 0xff, 0xff, 0xfc, 0x00, 0x00, 0x7f, 0xff, 0xff, 0xe0, 0x00,
    0x00, 0x00, 0x00, 0x00, 0x00, 0x00, 0x00, 0x00, 0x00, 0x00, 0x00, 0x00, 0x00, 0x00, 0x00, 0x00,
    0x00, 0x00, 0x00, 0x03, 0xc0, 0x0c, 0x00, 0x00, 0x00, 0x03, 0xc0, 0x1c, 0x00, 0x00, 0x00, 0x07,
    0xe0, 0x1c, 0x00, 0x00, 0x00, 0x03, 0xc3, 0x1c, 0x00, 0x00, 0x00, 0x03, 0xc7, 0x38, 0x00, 0x00,
    0x00, 0x00, 0x07, 0x38, 0x00, 0x00, 0x00, 0x00, 0x0e, 0x00, 0x00, 0x00, 0x00, 0x00, 0x0e, 0x00,
    0x00, 0x00, 0x00, 0x00, 0x0c, 0x00, 0x00, 0x00
};

// 'sleetshowers_polartwilight', 44x44px
const unsigned char met_bitmap_black_44x44_sleetshowers_polartwilight[] PROGMEM = {
    0x00, 0x00, 0x00, 0x00, 0x00, 0x00, 0x00, 0x00, 0x00, 0x00, 0x00, 0x00, 0x00, 0x00, 0x00, 0x00,
    0x00, 0x00, 0x00, 0x00, 0x00, 0x00, 0x00, 0x00, 0x00, 0x00, 0x00, 0x00, 0x00, 0x00, 0x00, 0x00,
    0x00, 0x00, 0x00, 0x00, 0x00, 0x00, 0x00, 0x00, 0x00, 0x00, 0x00, 0x00, 0x00, 0x00, 0x00, 0x00,
    0xff, 0xff, 0xfc, 0x00, 0x00, 0x00, 0x3f, 0xff, 0xf0, 0x00, 0x00, 0x00, 0x07, 0xff, 0xe3, 0xfc,
    0x00, 0x00, 0x07, 0xff, 0x8f, 0xff, 0x00, 0x00, 0x0f, 0xff, 0x1f, 0xff, 0x80, 0x00, 0x0f, 0xfe,
    0x3f, 0xff, 0xc0, 0x00, 0x1f, 0xf0, 0x7f, 0xff, 0xe0, 0x00, 0x00, 0xc7, 0xff, 0xff, 0xe0, 0x00,
    0x00, 0x0f, 0xff, 0xff, 0xf0, 0x00, 0x00, 0x1f, 0xff, 0xff, 0xf0, 0x00, 0x01, 0xff, 0xff, 0xff,
    0xf8, 0x00, 0x03, 0xff, 0xff, 0xff, 0xfc, 0x00, 0x07, 0xff, 0xff, 0xff, 0xfe, 0x00, 0x0f, 0xff,
    0xff, 0xff, 0xff, 0x00, 0x0f, 0xff, 0xff, 0xff, 0xff, 0x80, 0x1f, 0xff, 0xff, 0xff, 0xff, 0x80,
    0x1f, 0xff, 0xff, 0xff, 0xff, 0x80, 0x1f, 0xff, 0xff, 0xff, 0xff, 0x80, 0x1f, 0xff, 0xff, 0xff,
    0xff, 0x80, 0x0f, 0xff, 0xff, 0xff, 0xff, 0x80, 0x0f, 0xff, 0xff, 0xff, 0xff, 0x00, 0x07, 0xff,
    0xff, 0xff, 0xfe, 0x00, 0x03, 0xff, 0xff, 0xff, 0xfc, 0x00, 0x00, 0x7f, 0xff, 0xff, 0xe0, 0x00,
    0x00, 0x00, 0x00, 0x00, 0x00, 0x00, 0x00, 0x00, 0x00, 0x00, 0x00, 0x00, 0x00, 0x00, 0x00, 0x00,
    0x00, 0x00, 0x00, 0x03, 0xc0, 0x0c, 0x00, 0x00, 0x00, 0x03, 0xc0, 0x1c, 0x00, 0x00, 0x00, 0x07,
    0xe0, 0x1c, 0x00, 0x00, 0x00, 0x03, 0xc3, 0x1c, 0x00, 0x00, 0x00, 0x03, 0xc7, 0x38, 0x00, 0x00,
    0x00, 0x00, 0x07, 0x38, 0x00, 0x00, 0x00, 0x00, 0x0e, 0x00, 0x00, 0x00, 0x00, 0x00, 0x0e, 0x00,
    0x00, 0x00, 0x00, 0x00, 0x0c, 0x00, 0x00, 0x00
};

// 'sleetshowersandthunder_day', 44x44px
const unsigned char met_bitmap_black_44x44_sleetshowersandthunder_day[] PROGMEM = {
    0x00, 0x00, 0x00, 0x00, 0x00, 0x00, 0x00, 0x08, 0x00, 0x00, 0x00, 0x00, 0x00, 0x0c, 0x00, 0x00,
    0x00, 0x00, 0x03, 0x1c, 0x60, 0x00, 0x00, 0x00, 0x03, 0x9e, 0xe0, 0x00, 0x00, 0x00, 0x03, 0xff,
    0xe0, 0x00, 0x00, 0x00, 0x03, 0xff, 0xe0, 0x00, 0x00, 0x00, 0x3f, 0xff, 0xfe, 0x00, 0x00, 0x00,
    0x3f, 0xff, 0xfe, 0x00, 0x00, 0x00, 0x1f, 0xff, 0xf0, 0x00, 0x00, 0x00, 0x0f, 0xff, 0xe3, 0xfc,
    0x00, 0x00, 0x0f, 0xff, 0x8f, 0xff, 0x00, 0x00, 0x3f, 0xff, 0x1f, 0xff, 0x80, 0x00, 0xff, 0xfe,
    0x3f, 0xff, 0xc0, 0x00, 0x3f, 0xf0, 0x7f, 0xff, 0xe0, 0x00, 0x0f, 0xc7, 0xff, 0xff, 0xe0, 0x00,
    0x0f, 0x8f, 0xff, 0xff, 0xf0, 0x00, 0x1c, 0x1f, 0xff, 0xff, 0xf0, 0x00, 0x31, 0xff, 0xff, 0xff,
    0xf8, 0x00, 0x23, 0xff, 0xff, 0xff, 0xfc, 0x00, 0x07, 0xff, 0xff, 0xff, 0xfe, 0x00, 0x0f, 0xff,
    0xff, 0xff, 0xff, 0x00, 0x0f, 0xff, 0xff, 0xff, 0xff, 0x80, 0x1f, 0xff, 0xfc, 0xff, 0xff, 0x80,
    0x1f, 0xff, 0xfc, 0x7f, 0xff, 0x80, 0x1f, 0xff, 0xf8, 0xff, 0xff, 0x80, 0x1f, 0xff, 0xf2, 0xff,
    0xff, 0x80, 0x0f, 0xff, 0xf6, 0xff, 0xff, 0x80, 0x0f, 0xff, 0xe6, 0xff, 0xff, 0x00, 0x07, 0xff,
    0xee, 0xff, 0xfe, 0x00, 0x03, 0xff, 0xcc, 0xff, 0xfc, 0x00, 0x00, 0x7f, 0x9e, 0x3f, 0xe0, 0x00,
    0x00, 0x00, 0x1f, 0x80, 0x00, 0x00, 0x00, 0x00, 0x1f, 0x80, 0x00, 0x00, 0x00, 0x00, 0x07, 0x00,
    0x00, 0x00, 0x00, 0x07, 0x87, 0x03, 0x00, 0x00, 0x00, 0x0f, 0x86, 0x07, 0x00, 0x00, 0x00, 0x0f,
    0xc6, 0x07, 0x00, 0x00, 0x00, 0x07, 0x8d, 0xce, 0x00, 0x00, 0x00, 0x07, 0x89, 0xce, 0x00, 0x00,
    0x00, 0x00, 0x0b, 0x8c, 0x00, 0x00, 0x00, 0x00, 0x03, 0x80, 0x00, 0x00, 0x00, 0x00, 0x03, 0x80,
    0x00, 0x00, 0x00, 0x00, 0x03, 0x00, 0x00, 0x00
};

// 'sleetshowersandthunder_night', 44x44px
const unsigned char met_bitmap_black_44x44_sleetshowersandthunder_night[] PROGMEM = {
    0x00, 0x00, 0x00, 0x00, 0x00, 0x00, 0x00, 0x00, 0x00, 0x00, 0x00, 0x00, 0x00, 0x30, 0x00, 0x00,
    0x00, 0x00, 0x00, 0x3c, 0x00, 0x00, 0x00, 0x00, 0x00, 0x3e, 0x00, 0x00, 0x00, 0x00, 0x00, 0x1f,
    0x00, 0x00, 0x00, 0x00, 0x00, 0x1f, 0x80, 0x00, 0x00, 0x00, 0x00, 0x1f, 0x80, 0x00, 0x00, 0x00,
    0x00, 0x1f, 0xc0, 0x00, 0x00, 0x00, 0x00, 0x3f, 0xc0, 0x00, 0x00, 0x00, 0x00, 0x3f, 0xc3, 0xfc,
    0x00, 0x00, 0x00, 0x7f, 0x8f, 0xff, 0x00, 0x00, 0x00, 0x7f, 0x1f, 0xff, 0x80, 0x00, 0x01, 0xfe,
    0x3f, 0xff, 0xc0, 0x00, 0x03, 0xf0, 0x7f, 0xff, 0xe0, 0x00, 0x7f, 0xc7, 0xff, 0xff, 0xe0, 0x00,
    0x7f, 0x8f, 0xff, 0xff, 0xf0, 0x00, 0x3c, 0x1f, 0xff, 0xff, 0xf0, 0x00, 0x11, 0xff, 0xff, 0xff,
    0xf8, 0x00, 0x03, 0xff, 0xff, 0xff, 0xfc, 0x00, 0x07, 0xff, 0xff, 0xff, 0xfe, 0x00, 0x0f, 0xff,
    0xff, 0xff, 0xff, 0x00, 0x0f, 0xff, 0xff, 0xff, 0xff, 0x80, 0x1f, 0xff, 0xfc, 0xff, 0xff, 0x80,
    0x1f, 0xff, 0xfc, 0x7f, 0xff, 0x80, 0x1f, 0xff, 0xf8, 0xff, 0xff, 0x80, 0x1f, 0xff, 0xf2, 0xff,
    0xff, 0x80, 0x0f, 0xff, 0xf6, 0xff, 0xff, 0x80, 0x0f, 0xff, 0xe6, 0xff, 0xff, 0x00, 0x07, 0xff,
    0xee, 0xff, 0xfe, 0x00, 0x03, 0xff, 0xcc, 0xff, 0xfc, 0x00, 0x00, 0x7f, 0x9e, 0x3f, 0xe0, 0x00,
    0x00, 0x00, 0x1f, 0x80, 0x00, 0x00, 0x00, 0x00, 0x1f, 0x80, 0x00, 0x00, 0x00, 0x00, 0x07, 0x00,
    0x00, 0x00, 0x00, 0x07, 0x87, 0x03, 0x00, 0x00, 0x00, 0x0f, 0x86, 0x07, 0x00, 0x00, 0x00, 0x0f,
    0xc6, 0x07, 0x00, 0x00, 0x00, 0x07, 0x8d, 0xce, 0x00, 0x00, 0x00, 0x07, 0x89, 0xce, 0x00, 0x00,
    0x00, 0x00, 0x0b, 0x8c, 0x00, 0x00, 0x00, 0x00, 0x03, 0x80, 0x00, 0x00, 0x00, 0x00, 0x03, 0x80,
    0x00, 0x00, 0x00, 0x00, 0x03, 0x00, 0x00, 0x00
};

// 'sleetshowersandthunder_polartwilight', 44x44px
const unsigned char met_bitmap_black_44x44_sleetshowersandthunder_polartwilight[] PROGMEM = {
    0x00, 0x00, 0x00, 0x00, 0x00, 0x00, 0x00, 0x00, 0x00, 0x00, 0x00, 0x00, 0x00, 0x00, 0x00, 0x00,
    0x00, 0x00, 0x00, 0x00, 0x00, 0x00, 0x00, 0x00, 0x00, 0x00, 0x00, 0x00, 0x00, 0x00, 0x00, 0x00,
    0x00, 0x00, 0x00, 0x00, 0x00, 0x00, 0x00, 0x00, 0x00, 0x00, 0x00, 0x00, 0x00, 0x00, 0x00, 0x00,
    0xff, 0xff, 0xfc, 0x00, 0x00, 0x00, 0x3f, 0xff, 0xf0, 0x00, 0x00, 0x00, 0x07, 0xff, 0xe3, 0xfc,
    0x00, 0x00, 0x07, 0xff, 0x8f, 0xff, 0x00, 0x00, 0x0f, 0xff, 0x1f, 0xff, 0x80, 0x00, 0x0f, 0xfe,
    0x3f, 0xff, 0xc0, 0x00, 0x1f, 0xf0, 0x7f, 0xff, 0xe0, 0x00, 0x00, 0xc7, 0xff, 0xff, 0xe0, 0x00,
    0x00, 0x0f, 0xff, 0xff, 0xf0, 0x00, 0x00, 0x1f, 0xff, 0xff, 0xf0, 0x00, 0x01, 0xff, 0xff, 0xff,
    0xf8, 0x00, 0x03, 0xff, 0xff, 0xff, 0xfc, 0x00, 0x07, 0xff, 0xff, 0xff, 0xfe, 0x00, 0x0f, 0xff,
    0xff, 0xff, 0xff, 0x00, 0x0f, 0xff, 0xff, 0xff, 0xff, 0x80, 0x1f, 0xff, 0xfc, 0xff, 0xff, 0x80,
    0x1f, 0xff, 0xfc, 0x7f, 0xff, 0x80, 0x1f, 0xff, 0xf8, 0xff, 0xff, 0x80, 0x1f, 0xff, 0xf2, 0xff,
    0xff, 0x80, 0x0f, 0xff, 0xf6, 0xff, 0xff, 0x80, 0x0f, 0xff, 0xe6, 0xff, 0xff, 0x00, 0x07, 0xff,
    0xee, 0xff, 0xfe, 0x00, 0x03, 0xff, 0xcc, 0xff, 0xfc, 0x00, 0x00, 0x7f, 0x9e, 0x3f, 0xe0, 0x00,
    0x00, 0x00, 0x1f, 0x80, 0x00, 0x00, 0x00, 0x00, 0x1f, 0x80, 0x00, 0x00, 0x00, 0x00, 0x07, 0x00,
    0x00, 0x00, 0x00, 0x07, 0x87, 0x03, 0x00, 0x00, 0x00, 0x0f, 0x86, 0x07, 0x00, 0x00, 0x00, 0x0f,
    0xc6, 0x07, 0x00, 0x00, 0x00, 0x07, 0x8d, 0xce, 0x00, 0x00, 0x00, 0x07, 0x89, 0xce, 0x00, 0x00,
    0x00, 0x00, 0x0b, 0x8c, 0x00, 0x00, 0x00, 0x00, 0x03, 0x80, 0x00, 0x00, 0x00, 0x00, 0x03, 0x80,
    0x00, 0x00, 0x00, 0x00, 0x03, 0x00, 0x00, 0x00
};

// 'snow', 44x44px
const unsigned char met_bitmap_black_44x44_snow[] PROGMEM = {
    0x00, 0x00, 0x00, 0x00, 0x00, 0x00, 0x00, 0x00, 0x00, 0x00, 0x00, 0x00, 0x00, 0x00, 0x00, 0x00,
    0x00, 0x00, 0x00, 0x00, 0x00, 0x00, 0x00, 0x00, 0x00, 0x00, 0x00, 0x00, 0x00, 0x00, 0x00, 0x00,
    0x00, 0x00, 0x00, 0x00, 0x00, 0x00, 0x00, 0x00, 0x00, 0x00, 0x00, 0x00, 0x00, 0x00, 0x00, 0x00,
    0x00, 0x00, 0x00, 0x00, 0x00, 0x00, 0x00, 0x00, 0x00, 0x00, 0x00, 0x00, 0x00, 0x00, 0x03, 0xfc,
    0x00, 0x00, 0x00, 0x00, 0x0f, 0xff, 0x00, 0x00, 0x00, 0x00, 0x1f, 0xff, 0x80, 0x00, 0x00, 0x00,
    0x3f, 0xff, 0xc0, 0x00, 0x00, 0x00, 0x7f, 0xff, 0xe0, 0x00, 0x00, 0x07, 0xff, 0xff, 0xe0, 0x00,
    0x00, 0x0f, 0xff, 0xff, 0xf0, 0x00, 0x00, 0x1f, 0xff, 0xff, 0xf0, 0x00, 0x01, 0xff, 0xff, 0xff,
    0xf8, 0x00, 0x03, 0xff, 0xff, 0xff, 0xfc, 0x00, 0x07, 0xff, 0xff, 0xff, 0xfe, 0x00, 0x0f, 0xff,
    0xff, 0xff, 0xff, 0x00, 0x0f, 0xff, 0xff, 0xff, 0xff, 0x80, 0x1f, 0xff, 0xff, 0xff, 0xff, 0x80,
    0x1f, 0xff, 0xff, 0xff, 0xff, 0x80, 0x1f, 0xff, 0xff, 0xff, 0xff, 0x80, 0x1f, 0xff, 0xff, 0xff,
    0xff, 0x80, 0x0f, 0xff, 0xff, 0xff, 0xff, 0x80, 0x0f, 0xff, 0xff, 0xff, 0xff, 0x00, 0x07, 0xff,
    0xff, 0xff, 0xfe, 0x00, 0x03, 0xff, 0xff, 0xff, 0xfc, 0x00, 0x00, 0x7f, 0xff, 0xff, 0xe0, 0x00,
    0x00, 0x00, 0x00, 0x00, 0x00, 0x00, 0x00, 0x00, 0x00, 0x00, 0x00, 0x00, 0x00, 0x00, 0x00, 0x00,
    0x00, 0x00, 0x00, 0x03, 0xc0, 0x1c, 0x00, 0x00, 0x00, 0x03, 0xc0, 0x3e, 0x00, 0x00, 0x00, 0x07,
    0xe0, 0x7e, 0x00, 0x00, 0x00, 0x03, 0xc0, 0x1c, 0x00, 0x00, 0x00, 0x03, 0xcf, 0x1c, 0x00, 0x00,
    0x00, 0x00, 0x0f, 0x80, 0x00, 0x00, 0x00, 0x00, 0x1f, 0x80, 0x00, 0x00, 0x00, 0x00, 0x0f, 0x00,
    0x00, 0x00, 0x00, 0x00, 0x0f, 0x00, 0x00, 0x00
};

// 'snowandthunder', 44x44px
const unsigned char met_bitmap_black_44x44_snowandthunder[] PROGMEM = {
    0x00, 0x00, 0x00, 0x00, 0x00, 0x00, 0x00, 0x00, 0x00, 0x00, 0x00, 0x00, 0x00, 0x00, 0x00, 0x00,
    0x00, 0x00, 0x00, 0x00, 0x00, 0x00, 0x00, 0x00, 0x00, 0x00, 0x00, 0x00, 0x00, 0x00, 0x00, 0x00,
    0x00, 0x00, 0x00, 0x00, 0x00, 0x00, 0x00, 0x00, 0x00, 0x00, 0x00, 0x00, 0x00, 0x00, 0x00, 0x00,
    0x00, 0x00, 0x00, 0x00, 0x00, 0x00, 0x00, 0x00, 0x00, 0x00, 0x00, 0x00, 0x00, 0x00, 0x03, 0xfc,
    0x00, 0x00, 0x00, 0x00, 0x0f, 0xff, 0x00, 0x00, 0x00, 0x00, 0x1f, 0xff, 0x80, 0x00, 0x00, 0x00,
    0x3f, 0xff, 0xc0, 0x00, 0x00, 0x00, 0x7f, 0xff, 0xe0, 0x00, 0x00, 0x07, 0xff, 0xff, 0xe0, 0x00,
    0x00, 0x0f, 0xff, 0xff, 0xf0, 0x00, 0x00, 0x1f, 0xff, 0xff, 0xf0, 0x00, 0x01, 0xff, 0xff, 0xff,
    0xf8, 0x00, 0x03, 0xff, 0xff, 0xff, 0xfc, 0x00, 0x07, 0xff, 0xff, 0xff, 0xfe, 0x00, 0x0f, 0xff,
    0xff, 0xff, 0xff, 0x00, 0x0f, 0xff, 0xff, 0xff, 0xff, 0x80, 0x1f, 0xff, 0xfc, 0xff, 0xff, 0x80,
    0x1f, 0xff, 0xfc, 0x7f, 0xff, 0x80, 0x1f, 0xff, 0xf8, 0xff, 0xff, 0x80, 0x1f, 0xff, 0xf2, 0xff,
    0xff, 0x80, 0x0f, 0xff, 0xf6, 0xff, 0xff, 0x80, 0x0f, 0xff, 0xe6, 0xff, 0xff, 0x00, 0x07, 0xff,
    0xee, 0xff, 0xfe, 0x00, 0x03, 0xff, 0xcc, 0xff, 0xfc, 0x00, 0x00, 0x7f, 0x9e, 0x3f, 0xe0, 0x00,
    0x00, 0x00, 0x1f, 0x80, 0x00, 0x00, 0x00, 0x00, 0x1f, 0x80, 0x00, 0x00, 0x00, 0x00, 0x07, 0x00,
    0x00, 0x00, 0x00, 0x0f, 0x07, 0x03, 0xc0, 0x00, 0x00, 0x0f, 0x86, 0x03, 0xc0, 0x00, 0x00, 0x1f,
    0x86, 0x07, 0xe0, 0x00, 0x00, 0x0f, 0x0c, 0x03, 0xc0, 0x00, 0x00, 0x0f, 0x08, 0xf3, 0xc0, 0x00,
    0x00, 0x00, 0x09, 0xf0, 0x00, 0x00, 0x00, 0x00, 0x01, 0xf8, 0x00, 0x00, 0x00, 0x00, 0x00, 0xf0,
    0x00, 0x00, 0x00, 0x00, 0x00, 0xf0, 0x00, 0x00
};

// 'snowshowers_day', 44x44px
const unsigned char met_bitmap_black_44x44_snowshowers_day[] PROGMEM = {
    0x00, 0x00, 0x00, 0x00, 0x00, 0x00, 0x00, 0x08, 0x00, 0x00, 0x00, 0x00, 0x00, 0x0c, 0x00, 0x00,
    0x00, 0x00, 0x03, 0x1c, 0x60, 0x00, 0x00, 0x00, 0x03, 0x9e, 0xe0, 0x00, 0x00, 0x00, 0x03, 0xff,
    0xe0, 0x00, 0x00, 0x00, 0x03, 0xff, 0xe0, 0x00, 0x00, 0x00, 0x3f, 0xff, 0xfe, 0x00, 0x00, 0x00,
    0x3f, 0xff, 0xfe, 0x00, 0x00, 0x00, 0x1f, 0xff, 0xf0, 0x00, 0x00, 0x00, 0x0f, 0xff, 0xe3, 0xfc,
    0x00, 0x00, 0x0f, 0xff, 0x8f, 0xff, 0x00, 0x00, 0x3f, 0xff, 0x1f, 0xff, 0x80, 0x00, 0xff, 0xfe,
    0x3f, 0xff, 0xc0, 0x00, 0x3f, 0xf0, 0x7f, 0xff, 0xe0, 0x00, 0x0f, 0xc7, 0xff, 0xff, 0xe0, 0x00,
    0x0f, 0x8f, 0xff, 0xff, 0xf0, 0x00, 0x1c, 0x1f, 0xff, 0xff, 0xf0, 0x00, 0x31, 0xff, 0xff, 0xff,
    0xf8, 0x00, 0x23, 0xff, 0xff, 0xff, 0xfc, 0x00, 0x07, 0xff, 0xff, 0xff, 0xfe, 0x00, 0x0f, 0xff,
    0xff, 0xff, 0xff, 0x00, 0x0f, 0xff, 0xff, 0xff, 0xff, 0x80, 0x1f, 0xff, 0xff, 0xff, 0xff, 0x80,
    0x1f, 0xff, 0xff, 0xff, 0xff, 0x80, 0x1f, 0xff, 0xff, 0xff, 0xff, 0x80, 0x1f, 0xff, 0xff, 0xff,
    0xff, 0x80, 0x0f, 0xff, 0xff, 0xff, 0xff, 0x80, 0x0f, 0xff, 0xff, 0xff, 0xff, 0x00, 0x07, 0xff,
    0xff, 0xff, 0xfe, 0x00, 0x03, 0xff, 0xff, 0xff, 0xfc, 0x00, 0x00, 0x7f, 0xff, 0xff, 0xe0, 0x00,
    0x00, 0x00, 0x00, 0x00, 0x00, 0x00, 0x00, 0x00, 0x00, 0x00, 0x00, 0x00, 0x00, 0x00, 0x00, 0x00,
    0x00, 0x00, 0x00, 0x03, 0xc0, 0x1c, 0x00, 0x00, 0x00, 0x03, 0xc0, 0x3e, 0x00, 0x00, 0x00, 0x07,
    0xe0, 0x7e, 0x00, 0x00, 0x00, 0x03, 0xc0, 0x1c, 0x00, 0x00, 0x00, 0x03, 0xcf, 0x1c, 0x00, 0x00,
    0x00, 0x00, 0x0f, 0x80, 0x00, 0x00, 0x00, 0x00, 0x1f, 0x80, 0x00, 0x00, 0x00, 0x00, 0x0f, 0x00,
    0x00, 0x00, 0x00, 0x00, 0x0f, 0x00, 0x00, 0x00
};

// 'snowshowers_night', 44x44px
const unsigned char met_bitmap_black_44x44_snowshowers_night[] PROGMEM = {
    0x00, 0x00, 0x00, 0x00, 0x00, 0x00, 0x00, 0x00, 0x00, 0x00, 0x00, 0x00, 0x00, 0x30, 0x00, 0x00,
    0x00, 0x00, 0x00, 0x3c, 0x00, 0x00, 0x00, 0x00, 0x00, 0x3e, 0x00, 0x00, 0x00, 0x00, 0x00, 0x1f,
    0x00, 0x00, 0x00, 0x00, 0x00, 0x1f, 0x80, 0x00, 0x00, 0x00, 0x00, 0x1f, 0x80, 0x00, 0x00, 0x00,
    0x00, 0x1f, 0xc0, 0x00, 0x00, 0x00, 0x00, 0x3f, 0xc0, 0x00, 0x00, 0x00, 0x00, 0x3f, 0xc3, 0xfc,
    0x00, 0x00, 0x00, 0x7f, 0x8f, 0xff, 0x00, 0x00, 0x00, 0x7f, 0x1f, 0xff, 0x80, 0x00, 0x01, 0xfe,
    0x3f, 0xff, 0xc0, 0x00, 0x03, 0xf0, 0x7f, 0xff, 0xe0, 0x00, 0x7f, 0xc7, 0xff, 0xff, 0xe0, 0x00,
    0x7f, 0x8f, 0xff, 0xff, 0xf0, 0x00, 0x3c, 0x1f, 0xff, 0xff, 0xf0, 0x00, 0x11, 0xff, 0xff, 0xff,
    0xf8, 0x00, 0x03, 0xff, 0xff, 0xff, 0xfc, 0x00, 0x07, 0xff, 0xff, 0xff, 0xfe, 0x00, 0x0f, 0xff,
    0xff, 0xff, 0xff, 0x00, 0x0f, 0xff, 0xff, 0xff, 0xff, 0x80, 0x1f, 0xff, 0xff, 0xff, 0xff, 0x80,
    0x1f, 0xff, 0xff, 0xff, 0xff, 0x80, 0x1f, 0xff, 0xff, 0xff, 0xff, 0x80, 0x1f, 0xff, 0xff, 0xff,
    0xff, 0x80, 0x0f, 0xff, 0xff, 0xff, 0xff, 0x80, 0x0f, 0xff, 0xff, 0xff, 0xff, 0x00, 0x07, 0xff,
    0xff, 0xff, 0xfe, 0x00, 0x03, 0xff, 0xff, 0xff, 0xfc, 0x00, 0x00, 0x7f, 0xff, 0xff, 0xe0, 0x00,
    0x00, 0x00, 0x00, 0x00, 0x00, 0x00, 0x00, 0x00, 0x00, 0x00, 0x00, 0x00, 0x00, 0x00, 0x00, 0x00,
    0x00, 0x00, 0x00, 0x03, 0xc0, 0x1c, 0x00, 0x00, 0x00, 0x03, 0xc0, 0x3e, 0x00, 0x00, 0x00, 0x07,
    0xe0, 0x7e, 0x00, 0x00, 0x00, 0x03, 0xc0, 0x1c, 0x00, 0x00, 0x00, 0x03, 0xcf, 0x1c, 0x00, 0x00,
    0x00, 0x00, 0x0f, 0x80, 0x00, 0x00, 0x00, 0x00, 0x1f, 0x80, 0x00, 0x00, 0x00, 0x00, 0x0f, 0x00,
    0x00, 0x00, 0x00, 0x00, 0x0f, 0x00, 0x00, 0x00
};

// 'snowshowers_polartwilight', 44x44px
const unsigned char met_bitmap_black_44x44_snowshowers_polartwilight[] PROGMEM = {
    0x00, 0x00, 0x00, 0x00, 0x00, 0x00, 0x00, 0x00, 0x00, 0x00, 0x00, 0x00, 0x00, 0x00, 0x00, 0x00,
    0x00, 0x00, 0x00, 0x00, 0x00, 0x00, 0x00, 0x00, 0x00, 0x00, 0x00, 0x00, 0x00, 0x00, 0x00, 0x00,
    0x00, 0x00, 0x00, 0x00, 0x00, 0x00, 0x00, 0x00, 0x00, 0x00, 0x00, 0x00, 0x00, 0x00, 0x00, 0x00,
    0xff, 0xff, 0xfc, 0x00, 0x00, 0x00, 0x3f, 0xff, 0xf0, 0x00, 0x00, 0x00, 0x07, 0xff, 0xe3, 0xfc,
    0x00, 0x00, 0x07, 0xff, 0x8f, 0xff, 0x00, 0x00, 0x0f, 0xff, 0x1f, 0xff, 0x80, 0x00, 0x0f, 0xfe,
    0x3f, 0xff, 0xc0, 0x00, 0x1f, 0xf0, 0x7f, 0xff, 0xe0, 0x00, 0x00, 0xc7, 0xff, 0xff, 0xe0, 0x00,
    0x00, 0x0f, 0xff, 0xff, 0xf0, 0x00, 0x00, 0x1f, 0xff, 0xff, 0xf0, 0x00, 0x01, 0xff, 0xff, 0xff,
    0xf8, 0x00, 0x03, 0xff, 0xff, 0xff, 0xfc, 0x00, 0x07, 0xff, 0xff, 0xff, 0xfe, 0x00, 0x0f, 0xff,
    0xff, 0xff, 0xff, 0x00, 0x0f, 0xff, 0xff, 0xff, 0xff, 0x80, 0x1f, 0xff, 0xff, 0xff, 0xff, 0x80,
    0x1f, 0xff, 0xff, 0xff, 0xff, 0x80, 0x1f, 0xff, 0xff, 0xff, 0xff, 0x80, 0x1f, 0xff, 0xff, 0xff,
    0xff, 0x80, 0x0f, 0xff, 0xff, 0xff, 0xff, 0x80, 0x0f, 0xff, 0xff, 0xff, 0xff, 0x00, 0x07, 0xff,
    0xff, 0xff, 0xfe, 0x00, 0x03, 0xff, 0xff, 0xff, 0xfc, 0x00, 0x00, 0x7f, 0xff, 0xff, 0xe0, 0x00,
    0x00, 0x00, 0x00, 0x00, 0x00, 0x00, 0x00, 0x00, 0x00, 0x00, 0x00, 0x00, 0x00, 0x00, 0x00, 0x00,
    0x00, 0x00, 0x00, 0x03, 0xc0, 0x1c, 0x00, 0x00, 0x00, 0x03, 0xc0, 0x3e, 0x00, 0x00, 0x00, 0x07,
    0xe0, 0x7e, 0x00, 0x00, 0x00, 0x03, 0xc0, 0x1c, 0x00, 0x00, 0x00, 0x03, 0xcf, 0x1c, 0x00, 0x00,
    0x00, 0x00, 0x0f, 0x80, 0x00, 0x00, 0x00, 0x00, 0x1f, 0x80, 0x00, 0x00, 0x00, 0x00, 0x0f, 0x00,
    0x00, 0x00, 0x00, 0x00, 0x0f, 0x00, 0x00, 0x00
};

// 'snowshowersandthunder_day', 44x44px
const unsigned char met_bitmap_black_44x44_snowshowersandthunder_day[] PROGMEM = {
    0x00, 0x00, 0x00, 0x00, 0x00, 0x00, 0x00, 0x08, 0x00, 0x00, 0x00, 0x00, 0x00, 0x0c, 0x00, 0x00,
    0x00, 0x00, 0x03, 0x1c, 0x60, 0x00, 0x00, 0x00, 0x03, 0x9e, 0xe0, 0x00, 0x00, 0x00, 0x03, 0xff,
    0xe0, 0x00, 0x00, 0x00, 0x03, 0xff, 0xe0, 0x00, 0x00, 0x00, 0x3f, 0xff, 0xfe, 0x00, 0x00, 0x00,
    0x3f, 0xff, 0xfe, 0x00, 0x00, 0x00, 0x1f, 0xff, 0xf0, 0x00, 0x00, 0x00, 0x0f, 0xff, 0xe3, 0xfc,
    0x00, 0x00, 0x0f, 0xff, 0x8f, 0xff, 0x00, 0x00, 0x3f, 0xff, 0x1f, 0xff, 0x80, 0x00, 0xff, 0xfe,
    0x3f, 0xff, 0xc0, 0x00, 0x3f, 0xf0, 0x7f, 0xff, 0xe0, 0x00, 0x0f, 0xc7, 0xff, 0xff, 0xe0, 0x00,
    0x0f, 0x8f, 0xff, 0xff, 0xf0, 0x00, 0x1c, 0x1f, 0xff, 0xff, 0xf0, 0x00, 0x31, 0xff, 0xff, 0xff,
    0xf8, 0x00, 0x23, 0xff, 0xff, 0xff, 0xfc, 0x00, 0x07, 0xff, 0xff, 0xff, 0xfe, 0x00, 0x0f, 0xff,
    0xff, 0xff, 0xff, 0x00, 0x0f, 0xff, 0xff, 0xff, 0xff, 0x80, 0x1f, 0xff, 0xfc, 0xff, 0xff, 0x80,
    0x1f, 0xff, 0xfc, 0x7f, 0xff, 0x80, 0x1f, 0xff, 0xf8, 0xff, 0xff, 0x80, 0x1f, 0xff, 0xf2, 0xff,
    0xff, 0x80, 0x0f, 0xff, 0xf6, 0xff, 0xff, 0x80, 0x0f, 0xff, 0xe6, 0xff, 0xff, 0x00, 0x07, 0xff,
    0xee, 0xff, 0xfe, 0x00, 0x03, 0xff, 0xcc, 0xff, 0xfc, 0x00, 0x00, 0x7f, 0x9e, 0x3f, 0xe0, 0x00,
    0x00, 0x00, 0x1f, 0x80, 0x00, 0x00, 0x00, 0x00, 0x1f, 0x80, 0x00, 0x00, 0x00, 0x00, 0x07, 0x00,
    0x00, 0x00, 0x00, 0x0f, 0x07, 0x03, 0xc0, 0x00, 0x00, 0x0f, 0x86, 0x03, 0xc0, 0x00, 0x00, 0x1f,
    0x86, 0x07, 0xe0, 0x00, 0x00, 0x0f, 0x0c, 0x03, 0xc0, 0x00, 0x00, 0x0f, 0x08, 0xf3, 0xc0, 0x00,
    0x00, 0x00, 0x09, 0xf0, 0x00, 0x00, 0x00, 0x00, 0x01, 0xf8, 0x00, 0x00, 0x00, 0x00, 0x00, 0xf0,
    0x00, 0x00, 0x00, 0x00, 0x00, 0xf0, 0x00, 0x00
};

// 'snowshowersandthunder_night', 44x44px
const unsigned char met_bitmap_black_44x44_snowshowersandthunder_night[] PROGMEM = {
    0x00, 0x00, 0x00, 0x00, 0x00, 0x00, 0x00, 0x00, 0x00, 0x00, 0x00, 0x00, 0x00, 0x30, 0x00, 0x00,
    0x00, 0x00, 0x00, 0x3c, 0x00, 0x00, 0x00, 0x00, 0x00, 0x3e, 0x00, 0x00, 0x00, 0x00, 0x00, 0x1f,
    0x00, 0x00, 0x00, 0x00, 0x00, 0x1f, 0x80, 0x00, 0x00, 0x00, 0x00, 0x1f, 0x80, 0x00, 0x00, 0x00,
    0x00, 0x1f, 0xc0, 0x00, 0x00, 0x00, 0x00, 0x3f, 0xc0, 0x00, 0x00, 0x00, 0x00, 0x3f, 0xc3, 0xfc,
    0x00, 0x00, 0x00, 0x7f, 0x8f, 0xff, 0x00, 0x00, 0x00, 0x7f, 0x1f, 0xff, 0x80, 0x00, 0x01, 0xfe,
    0x3f, 0xff, 0xc0, 0x00, 0x03, 0xf0, 0x7f, 0xff, 0xe0, 0x00, 0x7f, 0xc7, 0xff, 0xff, 0xe0, 0x00,
    0x7f, 0x8f, 0xff, 0xff, 0xf0, 0x00, 0x3c, 0x1f, 0xff, 0xff, 0xf0, 0x00, 0x11, 0xff, 0xff, 0xff,
    0xf8, 0x00, 0x03, 0xff, 0xff, 0xff, 0xfc, 0x00, 0x07, 0xff, 0xff, 0xff, 0xfe, 0x00, 0x0f, 0xff,
    0xff, 0xff, 0xff, 0x00, 0x0f, 0xff, 0xff, 0xff, 0xff, 0x80, 0x1f, 0xff, 0xfc, 0xff, 0xff, 0x80,
    0x1f, 0xff, 0xfc, 0x7f, 0xff, 0x80, 0x1f, 0xff, 0xf8, 0xff, 0xff, 0x80, 0x1f, 0xff, 0xf2, 0xff,
    0xff, 0x80, 0x0f, 0xff, 0xf6, 0xff, 0xff, 0x80, 0x0f, 0xff, 0xe6, 0xff, 0xff, 0x00, 0x07, 0xff,
    0xee, 0xff, 0xfe, 0x00, 0x03, 0xff, 0xcc, 0xff, 0xfc, 0x00, 0x00, 0x7f, 0x9e, 0x3f, 0xe0, 0x00,
    0x00, 0x00, 0x1f, 0x80, 0x00, 0x00, 0x00, 0x00, 0x1f, 0x80, 0x00, 0x00, 0x00, 0x00, 0x07, 0x00,
    0x00, 0x00, 0x00, 0x0f, 0x07, 0x03, 0xc0, 0x00, 0x00, 0x0f, 0x86, 0x03, 0xc0, 0x00, 0x00, 0x1f,
    0x86, 0x07, 0xe0, 0x00, 0x00, 0x0f, 0x0c, 0x03, 0xc0, 0x00, 0x00, 0x0f, 0x08, 0xf3, 0xc0, 0x00,
    0x00, 0x00, 0x09, 0xf0, 0x00, 0x00, 0x00, 0x00, 0x01, 0xf8, 0x00, 0x00, 0x00, 0x00, 0x00, 0xf0,
    0x00, 0x00, 0x00, 0x00, 0x00, 0xf0, 0x00, 0x00
};

// 'snowshowersandthunder_polartwilight', 44x44px
const unsigned char met_bitmap_black_44x44_snowshowersandthunder_polartwilight[] PROGMEM = {
    0x00, 0x00, 0x00, 0x00, 0x00, 0x00, 0x00, 0x00, 0x00, 0x00, 0x00, 0x00, 0x00, 0x00, 0x00, 0x00,
    0x00, 0x00, 0x00, 0x00, 0x00, 0x00, 0x00, 0x00, 0x00, 0x00, 0x00, 0x00, 0x00, 0x00, 0x00, 0x00,
    0x00, 0x00, 0x00, 0x00, 0x00, 0x00, 0x00, 0x00, 0x00, 0x00, 0x00, 0x00, 0x00, 0x00, 0x00, 0x00,
    0xff, 0xff, 0xfc, 0x00, 0x00, 0x00, 0x3f, 0xff, 0xf0, 0x00, 0x00, 0x00, 0x07, 0xff, 0xe3, 0xfc,
    0x00, 0x00, 0x07, 0xff, 0x8f, 0xff, 0x00, 0x00, 0x0f, 0xff, 0x1f, 0xff, 0x80, 0x00, 0x0f, 0xfe,
    0x3f, 0xff, 0xc0, 0x00, 0x1f, 0xf0, 0x7f, 0xff, 0xe0, 0x00, 0x00, 0xc7, 0xff, 0xff, 0xe0, 0x00,
    0x00, 0x0f, 0xff, 0xff, 0xf0, 0x00, 0x00, 0x1f, 0xff, 0xff, 0xf0, 0x00, 0x01, 0xff, 0xff, 0xff,
    0xf8, 0x00, 0x03, 0xff, 0xff, 0xff, 0xfc, 0x00, 0x07, 0xff, 0xff, 0xff, 0xfe, 0x00, 0x0f, 0xff,
    0xff, 0xff, 0xff, 0x00, 0x0f, 0xff, 0xff, 0xff, 0xff, 0x80, 0x1f, 0xff, 0xfc, 0xff, 0xff, 0x80,
    0x1f, 0xff, 0xfc, 0x7f, 0xff, 0x80, 0x1f, 0xff, 0xf8, 0xff, 0xff, 0x80, 0x1f, 0xff, 0xf2, 0xff,
    0xff, 0x80, 0x0f, 0xff, 0xf6, 0xff, 0xff, 0x80, 0x0f, 0xff, 0xe6, 0xff, 0xff, 0x00, 0x07, 0xff,
    0xee, 0xff, 0xfe, 0x00, 0x03, 0xff, 0xcc, 0xff, 0xfc, 0x00, 0x00, 0x7f, 0x9e, 0x3f, 0xe0, 0x00,
    0x00, 0x00, 0x1f, 0x80, 0x00, 0x00, 0x00, 0x00, 0x1f, 0x80, 0x00, 0x00, 0x00, 0x00, 0x07, 0x00,
    0x00, 0x00, 0x00, 0x0f, 0x07, 0x03, 0xc0, 0x00, 0x00, 0x0f, 0x86, 0x03, 0xc0, 0x00, 0x00, 0x1f,
    0x86, 0x07, 0xe0, 0x00, 0x00, 0x0f, 0x0c, 0x03, 0xc0, 0x00, 0x00, 0x0f, 0x08, 0xf3, 0xc0, 0x00,
    0x00, 0x00, 0x09, 0xf0, 0x00, 0x00, 0x00, 0x00, 0x01, 0xf8, 0x00, 0x00, 0x00, 0x00, 0x00, 0xf0,
    0x00, 0x00, 0x00, 0x00, 0x00, 0xf0, 0x00, 0x00
};
